timestamp,company,email,persona,result,details
2026-05-29 18:17:28,Shaza Al Madina,info@shazahotels.com,hiring_manager,ok,sent
2026-05-29 18:17:29,Almosafer (Seera Group),careers@seera.sa,hr_director,ok,sent
2026-05-29 18:17:31,Mawasim (Seera/Almosafer),hr@seera.sa,hr_director,ok,sent
2026-05-29 18:17:32,NEOM,careers@neom.com,hr_director,ok,sent
2026-05-29 18:17:34,Red Sea Global,careers@redseaglobal.com,hr_director,ok,sent
2026-05-29 18:17:35,Diriyah Gate Development Authority,careers@dgda.gov.sa,hr_director,ok,sent
2026-05-29 18:17:36,Riyadh Air,careers@riyadhair.com,hr_director,ok,sent
2026-05-29 18:17:38,Qiddiya,careers@qiddiya.com,hr_director,ok,sent
2026-05-29 18:17:39,Saudia Airlines,careers@saudia.com,hr_director,ok,sent
2026-05-29 18:17:41,noon,hr@noon.com,hr_director,ok,sent
2026-05-29 18:17:42,Ru'Ya GCC,hello@ruyagcc.com,hiring_manager,ok,sent
2026-05-29 18:17:43,SEVEN,careers@seven.sa,hr_director,ok,sent
2026-05-29 18:17:45,Diriyah Company,careers@diriyah.sa,hr_director,ok,sent
2026-05-29 18:17:47,Nusuk Platform,info@nusuk.sa,hiring_manager,ok,sent
2026-06-05 09:35:25,Mouwasat Medical Services,hr@mouwasat.com,hr_director,ok,sent
2026-06-05 09:35:26,Saudi German Health,careers@saudigerman.com,hr_director,ok,sent
2026-06-05 09:35:27,flynas,recruitment@flynas.com,hr_director,ok,sent
2026-06-05 09:35:29,Abdullah Al Othaim Markets,hr@othaimmarkets.com,hr_director,ok,sent
2026-06-11 11:51:29,Sara United Company,mnagah@sara.com.sa,hiring_manager,ok,sent
2026-06-11 11:51:30,Anjum Hotel Makkah,HR@anjumhotels.com,hr_director,ok,sent
2026-06-28 17:15:20,Elaf Group,career@elafgroup.com,hr_director,ok,sent
2026-06-28 17:15:21,Webedia Arabia,contact@webedia-arabia.com,hiring_manager,ok,sent
2026-06-28 17:15:23,Dar Al Arkan,info@alarkan.com,hiring_manager,ok,sent
2026-06-28 17:15:25,The Social Clinic,info@socialclinic.sa,hiring_manager,ok,sent
2026-06-28 17:15:27,Robert Walters Middle East,saudi@robertwalters.com,hiring_manager,ok,sent
2026-06-28 17:15:28,Charterhouse Middle East,info@charterhouse.ae,hiring_manager,ok,sent
2026-06-28 17:15:30,Marc Ellis,enquiry@marc-ellis.com,hiring_manager,ok,sent
2026-06-28 17:15:31,Kershaw Leonard,mike@kershawleonard.net,hiring_manager,ok,sent
2026-07-08 17:30:04,Prezlab,Careers@prezlab.com,hr_director,ok,sent
2026-07-08 17:30:15,Fullstop Advertising,hireme@fullstop.sa,hiring_manager,ok,sent
2026-07-08 17:30:16,Brand Lounge,info@brandloungeme.com,hiring_manager,ok,sent
2026-07-08 17:30:18,Bassmat Digital Agency,hi@bassmat.com,hiring_manager,ok,sent
2026-07-08 17:30:19,CreativeBlend,hr@creativeblend.com.sa,hr_director,ok,sent
2026-07-08 17:30:20,PENCIL,hello@pencil.sa,hiring_manager,ok,sent
2026-07-08 17:30:22,Global Digital Creative (GDC),sales@gdc-graphics.com,hiring_manager,ok,sent
2026-07-08 17:30:23,Digital Wasfa,info@digitalwasfa.com,hiring_manager,ok,sent
2026-07-08 17:30:25,Red Impact (Redimpact Arabia),info@redimpactarabia.com,hiring_manager,ok,sent
2026-07-08 17:30:26,MAZ NEXA,support@maznexa.sa,hiring_manager,ok,sent
2026-07-08 17:30:28,RAM,hello@ram.sa,hiring_manager,ok,sent
2026-07-08 17:30:29,Millimeter Creative Agency,hello@millimeter.agency,hiring_manager,ok,sent
2026-07-08 17:30:31,WCM Agency,hello@wcmagency.com,hiring_manager,ok,sent
2026-07-08 17:30:32,Digital World Advertising Agency,info@digitalworldagency.net,hiring_manager,ok,sent
2026-07-08 17:30:34,Data Wide,info@data-wide.com,hiring_manager,ok,sent
2026-07-08 17:30:36,Braira Hotels & Resorts,info@brairahotels.com,hiring_manager,ok,sent
2026-07-08 17:30:37,The Venue Jeddah Corniche,hr@the-venue.com,hr_director,ok,sent
2026-07-09 15:50:49,Habitat Hotel All Suites,hrd@habitathotel.com.sa,hr_director,ok,sent
2026-07-09 15:50:51,Maden Hotels,info@madenhotels.com,hiring_manager,ok,sent
2026-07-09 15:50:52,Ruve Hotel Jeddah,rsvn@ruvejeddah.com,hiring_manager,ok,sent
2026-07-09 15:50:53,Emaar Elite Hotels,sales@emaarelite.com,hiring_manager,ok,sent
2026-07-09 15:50:55,Al Kiswah Towers Hotel,Alkiswahdh@gmail.com,hiring_manager,ok,sent
2026-07-09 15:50:56,Retaj Hotels & Hospitality,info@retaj-hotels.com,hiring_manager,ok,sent
2026-07-09 15:50:58,Swiss International Hotels & Resorts,info@swissinternationalhotels.com,hiring_manager,ok,sent
2026-07-09 15:50:59,Swiss Hospitality Company,info@swisshospitality.sa,hiring_manager,ok,sent
2026-07-09 15:51:01,Danah United Real Estate (Al Rashid Mall),Hr@danah.com.sa,hr_director,ok,sent
2026-07-09 15:51:02,Al Othaim Malls (Abdullah Al Othaim Investment),info@othaimmalls.com,hiring_manager,ok,sent
2026-07-09 15:51:20,Al Othaim Investment Company,info@alothaiminvestment.com,hiring_manager,ok,sent
2026-07-09 15:51:22,Alandalus Property Company,mail@alandalus.com.sa,hiring_manager,ok,sent
2026-07-09 15:51:23,Cenomi Centers (Arabian Centres),cenomi@cenomicenters.com,hiring_manager,ok,sent
2026-07-09 15:51:25,Fitaihi Holding Group,sh@fitaihi.com.sa,hiring_manager,ok,sent
2026-07-09 15:51:26,Heraa Mall,info@heraa-mall.com,hiring_manager,ok,sent
2026-07-09 15:51:27,Saudi Real Estate Company (Al Akaria),info@al-akaria.com,hiring_manager,ok,sent
2026-07-09 15:51:28,Hamat Property Company (Panorama Mall),crm@hamat.sa,hiring_manager,ok,sent
2026-07-10 09:22:20,SEDCO Holding (SEDCO Development),info@sedco.com,hiring_manager,ok,sent
2026-07-10 09:22:22,Jabal Omar Development Company,support@jabalomar.com.sa,hiring_manager,ok,sent
2026-07-10 09:22:23,Makkah Construction & Development Company (MCDC),info@mcdc.com.sa,hiring_manager,ok,sent
2026-07-10 09:22:25,Dar Al Omran,dao-saudia@daralomran.com.sa,hiring_manager,ok,sent
2026-07-10 09:22:30,SEDCO Capital,info@sedcocapital.com,hiring_manager,ok,sent
2026-07-10 09:22:32,Almana Group of Hospitals,career@almanahospital.com.sa,hr_director,ok,sent
2026-07-10 09:22:33,Dr. Samir Abbas Hospital,careers@dsah.sa,hr_director,ok,sent
2026-07-10 09:22:34,Beech Hall School Riyadh,hr@beechhallschoolriyadh.com,hr_director,ok,sent
2026-07-10 09:22:36,GEMS American International School Riyadh (SEP-KSA),Recruitment@sep-ksa.com,hr_director,ok,sent
2026-07-10 09:22:37,Downe House Riyadh,careers@downehouseriyadh.com,hr_director,ok,sent
2026-07-10 09:22:39,American International School Riyadh (AISR),join_us@aisr.org,hiring_manager,ok,sent
2026-07-10 09:22:40,Dar Al Hekma University,jobs@dah.edu.sa,hiring_manager,ok,sent
2026-07-10 09:22:41,Jeddah Knowledge International School (JKS),jksinfo@jks.edu.sa,hiring_manager,ok,sent
2026-07-10 09:22:43,Al Salama Hospital,info@alsalamahospital.com,hiring_manager,ok,sent
2026-07-10 09:22:44,International Gulf Medical Clinics (IGMC),info@igmc.io,hiring_manager,ok,sent
2026-07-10 09:22:45,Eventana,info@eventana.net,hiring_manager,ok,sent
2026-07-10 09:22:46,Shine Event Staffing,hello@letsshineksa.com,hiring_manager,ok,sent
2026-07-11 07:43:33,Relia (Al Quraishi Marketing),careers@relia-me.com,hr_director,ok,sent
2026-07-11 07:43:35,Blink Experience,info@blinkexperience.com,hiring_manager,ok,sent
2026-07-11 07:43:37,Entourage Marketing & Events,info@entourageintl.com,hiring_manager,ok,sent
2026-07-11 07:43:41,Focal Point (FP Group),info@focalpoint.group,hiring_manager,ok,sent
2026-07-11 07:43:43,Benchmark,info@benchmarkksa.com,hiring_manager,ok,sent
2026-07-11 07:43:45,Halwani Bros,info@halwani.com.sa,hiring_manager,ok,sent
2026-07-11 07:43:47,Etihad Golden Falcons,sales@etihad-gf.com,hiring_manager,ok,sent
2026-07-11 07:43:50,eDirect,info@edirect.sa,hiring_manager,ok,sent
2026-07-11 07:43:52,Rafal Advertising,info@rafal-adv.com,hiring_manager,ok,sent
2026-07-11 07:43:54,Cross Arabia,HR@crossarabia.com,hr_director,ok,sent
2026-07-12 13:06:40,PayTabs,hrdept@paytabs.com,hr_director,ok,sent
2026-07-12 13:06:42,Innosoft,jobs@innosoft.sa,hiring_manager,ok,sent
2026-07-12 13:06:44,Geidea,contacts@geidea.net,hiring_manager,ok,sent
2026-07-12 13:06:47,Lendo,support@lendo.sa,hiring_manager,ok,sent
2026-07-12 13:06:48,Foodics,info@foodics.com,hiring_manager,ok,sent
2026-07-12 13:06:51,Mozn,info@mozn.ai,hiring_manager,ok,sent
2026-07-12 13:06:53,Moyasar,info@moyasar.com,hiring_manager,ok,sent
2026-07-12 13:06:56,Drahim,contact@drahim.sa,hiring_manager,ok,sent
2026-07-12 13:06:57,Penny Software,info@penny.co,hiring_manager,ok,sent
2026-07-12 13:07:00,Alraedah Digital Solutions,care@alraedah.sa,hiring_manager,ok,sent
2026-07-12 13:07:02,Funding Souq,support@fundingsouq.com,hiring_manager,ok,sent
2026-07-12 13:07:04,Salasa,info@salasa.co,hiring_manager,ok,sent
2026-07-12 13:07:06,Ejada Systems,info@ejada.com,hiring_manager,ok,sent
2026-07-12 13:07:08,Al Moammar Information Systems (MIS),info@mis.com.sa,hiring_manager,ok,sent
2026-07-12 13:07:10,Naseej,info@naseej.com,hiring_manager,ok,sent
2026-07-12 13:07:12,HyperPay,bd@hyperpay.com,hiring_manager,ok,sent
2026-07-12 13:07:16,Herfy Food Services Co.,job@herfy.com,hiring_manager,ok,sent
2026-07-13 08:54:46,Maestro Pizza (Daily Food Co.),recruitment@dailyfoodsa.com,hr_director,ok,sent
2026-07-13 08:54:47,Shahia Food Ltd. (Dunkin' Donuts KSA franchisee),careers@dunkindonuts.sa,hr_director,ok,sent
2026-07-13 08:54:50,Arby's KSA (Shahia Food Ltd.),careers@arbysksa.com,hr_director,ok,sent
2026-07-13 08:54:52,Alamar Foods (Domino's Pizza MENAP),info@alamar.com,hiring_manager,ok,sent
2026-07-13 08:54:53,Sunbulah Group,info@sunbulahgroup.com,hiring_manager,ok,sent
2026-07-13 08:54:55,Half Million Coffee,customercare@halfm.sa,hiring_manager,ok,sent
2026-07-13 08:54:56,Diyafa Saudi Hospitality Company (catering),info@diyafa.com.sa,hiring_manager,ok,sent
2026-07-13 08:54:58,Tamimi Global Co. (TAFGA),info@tamimiglobal.com,hiring_manager,ok,sent
2026-07-13 08:55:00,Naqel Express,Saudi.jobs@naqel.com.sa,hiring_manager,ok,sent
2026-07-13 08:55:01,Four Winds Saudi Arabia (Logistics),career@fourwinds-ksa.com,hr_director,ok,sent
2026-07-13 08:55:03,Budget Saudi Arabia (United International Transportation Co.),jobs@budgetsaudi.com,hiring_manager,ok,sent
2026-07-13 08:55:06,Aljomaih Automotive Company (General Motors distributor),careers@aljomaihauto.com,hr_director,ok,sent
2026-07-13 08:55:07,Namma Cargo Services,namma@nammacargo.com,hiring_manager,ok,sent
2026-07-13 08:55:09,"Kia Aljabr (Aljabr Trading Co., Kia distributor)",info@aljabr.com.sa,hiring_manager,ok,sent
2026-07-13 08:55:11,Petromin Corporation,info@petromin.com,hiring_manager,ok,sent
2026-07-13 08:55:13,Al-Khaldi Logistics (Al-Khaldi Holding),info@al-khaldi.com.sa,hiring_manager,ok,sent
2026-07-13 08:55:14,Attar Travel,info@attartravel.com,hiring_manager,ok,sent
2026-07-14 07:50:53,Fursan Travel & Tourism,contactus@fursan.com.sa,hiring_manager,ok,sent
2026-07-14 07:50:55,Al Shallal Theme Park,careers@alshallal.com.sa,hr_director,ok,sent
2026-07-14 07:50:57,"Tarfeeh Fakieh (Fakieh Aquarium, Al Nawras, Sail Island)",info@tarfeehfakieh.com,hiring_manager,ok,sent
2026-07-14 07:50:59,Rawaf Mina for Hajj Services,pmo@rawafmina.sa,hiring_manager,ok,sent
2026-07-14 07:51:01,MaqamUmrah (B2B Umrah hotel & tour operator),info@maqamumrah.com,hiring_manager,ok,sent
2026-07-14 07:51:04,Discover Saudi DMC (Almosafer / Seera Group),info@discoversaudi.sa,hiring_manager,ok,sent
2026-07-14 07:51:06,Husaak Adventures (The Outpost AlUla & Tanomah),saudi@husaak.com,hiring_manager,ok,sent
2026-07-14 07:51:08,88 Destinations (El Makkan for Travel and Tours),info@88destinations.com,hiring_manager,ok,sent
2026-07-14 07:51:10,Saudi Arabia Tours,saudiarabiatours.net@gmail.com,hiring_manager,ok,sent
2026-07-14 07:51:13,Easy Access AlUla (Al-Wassal Al-Mashal Commercial),booking@easyaccessllc.com,hiring_manager,ok,sent
2026-07-14 07:51:15,PinkStone Travel Saudi,info@pinkstonetravelsaudi.com,hiring_manager,ok,sent
2026-07-14 07:51:18,Zahid Travel Group (Go Zahid inbound DMC),gozahid@zahidtravel.com,hiring_manager,ok,sent
2026-07-14 07:51:20,AlUla Guide,sales@alula-guide.com,hiring_manager,ok,sent
2026-07-14 07:51:22,Saudi Discovery (DMC Arabia network),inquiries@saudidiscovery.com,hiring_manager,ok,sent
2026-07-14 07:51:23,EXO Travel Saudi Arabia,saudi@exotravel.com,hiring_manager,ok,sent
2026-07-14 07:51:25,Tetrapylon Saudi Arabia,saudi@tetrapylon.com,hiring_manager,ok,sent
2026-07-14 07:51:27,AlFares International Tours,h.nawar@alfaristours.com,hiring_manager,ok,sent
2026-07-15 07:54:16,Athaar Arabia,imad.sulaiman@athaararabia.com,hiring_manager,ok,sent
2026-07-15 07:54:18,UTA Saudi Arabia (Universal Travel Agency),mahmoud.salameh@uta.com.sa,hiring_manager,ok,sent
2026-07-15 07:54:20,Tamimi ATS (Al-Tamimi Group),recruitment.ats@al-tamimi.com,hr_director,ok,sent
2026-07-15 07:54:22,GO Telecom (Etihad Atheeb Telecom),al.alnajjar@go.com.sa,hiring_manager,ok,sent
2026-07-15 07:54:24,Abdulmohsen Al-Tamimi Group,info@tamimi.sa,hiring_manager,ok,sent
2026-07-15 07:54:25,Alesayi Holding,info@alesayi.com,hiring_manager,ok,sent
2026-07-15 07:54:27,Al Muhaidib Group,info@almuhaidib.com,hiring_manager,ok,sent
2026-07-15 07:54:28,AlBawani Holding,info@albawani.net,hiring_manager,ok,sent
2026-07-15 07:54:30,Xenel Industries,communications@xenel.com,hiring_manager,ok,sent
2026-07-15 07:54:31,IKK Group (Isam Khairi Kabbani),info@ikkgroup.com,hiring_manager,ok,sent
2026-07-15 07:54:33,Alfozan Holding,info@alfozan.com,hiring_manager,ok,sent
2026-07-15 07:54:34,Watania Steel,info@wataniasteel.com,hiring_manager,ok,sent
2026-07-15 07:54:36,Nesma & Partners,communications@nesmapartners.com,hiring_manager,ok,sent
2026-07-16 10:03:45,Telfaz11,info@telfaz11.com,hiring_manager,ok,sent
2026-07-16 10:03:49,AFLAM Productions,epic@aflamproductions.com,hiring_manager,ok,sent
2026-07-16 10:03:52,TRACCS,faisal.alabdali@traccs.net,hiring_manager,ok,sent
2026-07-16 10:03:54,W7Worldwide,info@w7worldwide.com,hiring_manager,ok,sent
2026-07-16 10:03:56,MPR (Middle East Public Relations),business@mpr.com.sa,hiring_manager,ok,sent
2026-07-16 10:03:59,Jummar PR,amr@jummar.co,hiring_manager,ok,sent
2026-07-16 10:04:03,PR Arabia,contact@prarabia.me,hiring_manager,ok,sent
2026-07-16 10:04:07,Riyadh Exhibitions Company (REC),info@recexpo.com,hiring_manager,ok,sent
2026-07-16 10:04:09,1st Arabia Tradeshows & Conferences,info@1starabia.com,hiring_manager,ok,sent
2026-07-16 10:04:12,Al-Harithy Company for Exhibitions (ACE),ace@acexpos.com,hiring_manager,ok,sent
2026-07-16 10:04:15,Dhahran Expo (DIEC),info@diec.com.sa,hiring_manager,ok,sent
2026-07-16 10:04:19,Exhibition Services (Al Smari Group),sales@exhibitionservices.net,hiring_manager,ok,sent
2026-07-16 10:04:23,Prolines,info@prolines.sa,hiring_manager,ok,sent
2026-07-16 10:04:25,Eventfull,info@eventfull.sa,hiring_manager,ok,sent
2026-07-16 10:04:29,EVEX,info@evex.sa,hiring_manager,ok,sent
2026-07-16 10:04:33,Saudi Event Management,infosaudieventmanagement@gmail.com,hiring_manager,ok,sent
2026-07-16 10:04:36,Andalusia Group (Hospitals & Clinics),alw-jobs@andalusiagroup.net,hiring_manager,ok,sent
2026-07-17 07:56:51,United Pharmacy,hr@unitedpharmacy.sa,hr_director,ok,sent
2026-07-17 07:56:53,Stars Smile Dental Clinics,Jobs@starssmile.com.sa,hiring_manager,ok,sent
2026-07-17 07:56:55,Enfield Royal Saudia (aesthetic clinic),info@enfieldroyalsaudia.com,hiring_manager,ok,sent
2026-07-17 07:56:58,The First Clinic,info@tfc.sa,hiring_manager,ok,sent
2026-07-17 07:57:00,Arabian Oud,recruitment@arabianoud.com,hr_director,ok,sent
2026-07-17 07:57:02,Nutrition & Diet Center (NDC),careers@dietcenter.com.sa,hr_director,ok,sent
2026-07-17 07:57:05,Fitness First KSA (Landmark Arabia),FF.HR@fitnessfirst-me.com,hr_director,ok,sent
2026-07-17 07:57:07,"Whites (Global Health Care Co. / GHC, also Kunooz Pharmacies)",jobs@ghc.com.sa,hiring_manager,ok,sent
2026-07-17 07:57:09,Jamjoom Pharma,info@jamjoompharma.com,hiring_manager,ok,sent
2026-07-17 07:57:12,Body Masters,corporate@bodymasters.com.sa,hiring_manager,ok,sent
2026-07-17 07:57:15,BEC Arabia,info@becarabia.com,hiring_manager,ok,sent
2026-07-17 07:57:17,RTCC (Al Rashid Trading & Contracting Co.),info@rtcc.com.sa,hiring_manager,ok,sent
2026-07-17 07:57:19,Azad Properties,info@azad.com.sa,hiring_manager,ok,sent
2026-07-17 07:57:21,Jabal Omar Development Company (JODC),info@jodc.com.sa,hiring_manager,ok,sent
2026-07-17 07:57:23,Rafal Real Estate Development,info@rafal.com.sa,hiring_manager,ok,sent
2026-07-17 07:57:25,Jenan Real Estate Company,info@jenan.com.sa,hiring_manager,ok,sent
2026-07-17 07:57:27,IFAS (Integrated Facility & Asset Services),info@ifas-ksa.com,hiring_manager,ok,sent
2026-07-18 07:37:53,Zahran Holding (Zahran Operation & Maintenance),jobs@zahrang.com,hiring_manager,ok,sent
2026-07-18 07:37:54,Muheel Services,recruitment@muheel.com,hr_director,ok,sent
2026-07-18 07:37:56,Al Hajry Overseas,info@alhajry-overseas.com.sa,hiring_manager,ok,sent
2026-07-18 07:37:57,SIYANCO (Saudi Maintenance Company),info@siyanco.com,hiring_manager,ok,sent
2026-07-18 07:37:59,Rize (Al-Alou Financial Company),support@rize.sa,hiring_manager,ok,sent
2026-07-18 07:38:00,Darent,info@darent.com,hiring_manager,ok,sent
2026-07-18 07:38:02,Riyadh Food Industries Co. (Riyadh Foods),info@riyadhfoods.com,hiring_manager,ok,sent
2026-07-18 07:38:03,Saudi Ceramics Company,info@saudiceramics.com,hiring_manager,ok,sent
2026-07-18 07:38:05,Al Faisaliah Group (AFG),afg@afg.com.sa,hiring_manager,ok,sent
2026-07-18 07:38:06,Saudi Modern Company,info@saudimodern.com,hiring_manager,ok,sent
2026-07-18 07:38:08,Kingdom Holding Company,careers@kingdom.com.sa,hr_director,ok,sent
2026-07-18 07:38:10,AlJammaz Group,info@aljammaz.com,hiring_manager,ok,sent
2026-07-18 07:38:12,Astra Industrial Group,riyadh@astra.com.sa,hiring_manager,ok,sent
2026-07-18 07:38:13,Al-Khaleej Training and Education,investor.relations@alkhaleej.com.sa,hiring_manager,ok,sent
2026-07-18 07:38:15,Caffeine Lab Coffee Roasters,careers@caffeinelab.me,hr_director,ok,sent
2026-07-18 07:38:16,Hadya Group,info@hadya.com,hiring_manager,ok,sent
2026-07-18 07:38:18,Savola Group (Savola World),info@savolaworld.com,hiring_manager,ok,sent
2026-07-19 08:04:02,International Medical Center (IMC),IMCinfo@imc.med.sa,hiring_manager,ok,sent
2026-07-19 08:04:04,Zahid Group,info@zahid.com,hiring_manager,ok,sent
2026-07-19 08:04:06,Attieh Steel (Attieh Group),info@attiehgroup.com,hiring_manager,ok,sent
2026-07-19 08:04:08,Badr Bugshan Group,info@badrbugshan.com,hiring_manager,ok,sent
2026-07-19 08:04:11,JESCO (Jubail Energy Services Company),recruitment@jesco.com.sa,hr_director,ok,sent
2026-07-19 08:04:15,Petrochem (Petrochemical Conversion Company),jobs@petrocheme.com,hiring_manager,ok,sent
2026-07-19 08:04:16,Al-Hoty Company (AHC),admin@al-hoty.com,hiring_manager,ok,sent
2026-07-19 08:04:18,BoldTarget General Contracting,info@boldtarget.sa,hiring_manager,ok,sent
2026-07-19 08:04:21,Zamil Inspection & Technical Services,recruitments@zamil.sa,hr_director,ok,sent
2026-07-19 08:04:22,Transgulf Readymix Concrete,recruitment@tgrmcc.com,hr_director,ok,sent
2026-07-19 08:04:24,Harbico,career@harbico.com,hr_director,ok,sent
2026-07-19 08:04:25,Takara Saudi,hrd@takarasaudi.com,hr_director,ok,sent
2026-07-19 08:04:27,Zamil O&M,jobs@zamil-om.com,hiring_manager,ok,sent
2026-07-19 08:04:28,Khobar Contractors Company (KCC),info@khobarcontractors.com,hiring_manager,ok,sent
2026-07-19 08:04:31,Al Tazaj Fakieh BBQ Chicken,careers@taza.com.sa,hr_director,ok,sent
2026-07-19 08:04:34,Daily Food Company (Maestro Pizza),careers@dailyfoodsa.com,hr_director,ok,sent
2026-08-02 08:09:46,GroupM Riyadh,careers@groupm.com,hr_director,ok,sent
2026-08-02 08:09:50,VML MENA,careers@vml.com,hr_director,ok,sent
2026-08-02 08:09:52,Almarai,hr@almarai.com,hr_director,ok,sent
2026-08-02 08:09:56,Digital of Things,contact@digitalofthings.com,hiring_manager,ok,sent
2026-08-02 08:09:59,Verge Film Productions,careers@verge.productions,hr_director,ok,sent
2026-08-02 08:10:01,Gloria Hotels & Resorts,gloria.management@gloria-hotels.com,hiring_manager,ok,sent
2026-08-02 08:10:03,Park Regis Kris Kin Hotel Dubai,prkkcareers@parkregishotels.com,hr_director,ok,sent
2026-08-02 08:10:06,Nehal Hotel,careers@nehalhotel.com,hr_director,ok,sent
2026-08-02 08:10:10,Orient Planet Group,hr@orientplanet.com,hr_director,ok,sent
2026-08-02 08:10:13,Element 8,careers@element8.ae,hr_director,ok,sent
2026-08-02 08:10:16,Centric DXB,careers@centricdxb.com,hr_director,ok,sent
2026-08-02 08:10:18,Global Media Insight,liz@globalmedia.ae,hiring_manager,ok,sent
2026-08-02 08:10:21,GTECH (gtechme.com),gtech@jobs.workablemail.com,hiring_manager,ok,sent
2026-08-02 08:10:24,DRE Real Estate (drehomes.com),newcareer@drehomes.com,hr_director,ok,sent
2026-08-02 08:10:27,Betterhomes,oliver.wilson@bhomes.com,hiring_manager,ok,sent
2026-08-02 08:10:29,Al Maya Group,hr@almaya.ae,hr_director,ok,sent
2026-08-02 08:10:31,Hunter Foods,careers@hunterfoods.com,hr_director,ok,sent
2026-08-03 09:29:08,Marina Mall Abu Dhabi,Mycareer@marinamall.ae,hr_director,ok,sent
2026-08-03 09:29:10,Line Investments & Property (Lulu Group - Madinat Zayed Mall),hr@lineinvestments.ae,hr_director,ok,sent
2026-08-03 09:29:12,Ezdan Hotels & Suites,careers@ezdanhotels.qa,hr_director,ok,sent
2026-08-03 09:29:14,Ramada Encore by Wyndham Doha,hrm@ramadaencoredoha.com,hr_director,ok,sent
2026-08-03 09:29:16,Banyan Tree Doha at La Cigale Mushaireb,recruitment.doha@banyantree.com,hr_director,ok,sent
2026-08-03 09:29:19,Katara Hospitality,info@katarahospitality.com,hiring_manager,ok,sent
2026-08-03 09:29:21,Aura Group (F&B and Entertainment),careers@auragroup-intl.com,hr_director,ok,sent
2026-08-03 09:29:23,Al Mana Media (Publicis Groupe affiliate),careers@almanamedia.com,hr_director,ok,sent
2026-08-03 09:29:25,iHorizons,hr@ihorizons.com,hr_director,ok,sent
2026-08-03 09:29:26,"Abu Issa Holding (Blue Salon, luxury retail)",jobs@abuissa.com,hiring_manager,ok,sent
2026-08-03 09:29:28,Al Meera Consumer Goods,recruitment@almeera.com.qa,hr_director,ok,sent
2026-08-03 09:29:30,Printemps Doha (Doha Oasis),Talents@printempsdoha.com,hr_director,ok,sent
2026-08-03 09:29:33,Regency Group Holding (Al Asmakh Group),hrd@regencygroupq.com,hr_director,ok,sent
2026-08-03 09:29:35,Alfardan Properties (Alfardan Group),afp_recruitment@alfardan.com.qa,hr_director,ok,sent
2026-08-03 09:29:37,25 Spaces Real Estate,careers@25spaces.com,hr_director,ok,sent
2026-08-03 09:29:38,Doha Quest (Doha Oasis theme park),careers@dohaquest.com,hr_director,ok,sent
2026-08-03 09:29:40,Lusail Circuit Sports Club (Lusail International Circuit),info@lcsc.qa,hiring_manager,ok,sent
2026-08-04 08:25:35,Apex Events,events@apexqatar.com,hiring_manager,ok,sent
2026-08-04 08:25:37,Safir Hotels & Resorts,jobs@safirhotels.com,hiring_manager,ok,sent
2026-08-04 08:25:39,Kout Food Group,info@koutfood.com,hiring_manager,ok,sent
2026-08-04 08:25:41,Alyasra Fashion,careers@alyasra.com,hr_director,ok,sent
2026-08-04 08:25:43,Boushahri Group,info@boushahrigroup.com,hiring_manager,ok,sent
2026-08-04 08:25:45,Gulf Hotels Group,recruitment@gulfhotelsgroup.com,hr_director,ok,sent
2026-08-04 08:25:46,The K Hotel,hiring@thekhotel.com,hiring_manager,ok,sent
2026-08-04 08:25:48,Bahrain Duty Free,careers@bdutyfree.com,hr_director,ok,sent
2026-08-04 08:25:51,Hasan Mansouri Group,office@hasanmansouri.com,hiring_manager,ok,sent
2026-08-04 08:25:53,Fakhro Group,info@fakhro.com,hiring_manager,ok,sent
2026-08-04 08:25:54,Mohammed Jalal & Sons Group,info@jalal.com,hiring_manager,ok,sent
2026-08-04 08:25:58,Unisono,info@unisonoagency.com,hiring_manager,ok,sent
2026-08-04 08:26:00,Saud Bahwan Group,sbghrd@sbgoman.com,hr_director,ok,sent
2026-08-04 08:26:02,Khimji Ramdas Group,hrd@kr.om,hr_director,ok,sent
2026-08-04 08:26:04,W.J. Towell & Co.,info@wjtowell.com,hiring_manager,ok,sent
2026-08-04 08:26:06,Muriya Tourism Development (Orascom),career@muriya.om,hr_director,ok,sent
2026-08-04 08:26:08,City Seasons Hotel Muscat,info@cityseasonshotels.com,hiring_manager,ok,sent
2026-08-05 08:23:15,GCC Marketing,careers@gcc-marketing.com,hr_director,ok,sent
2026-08-05 08:23:17,GPS Marketing Agency,Hr@gpsmarketing.agency,hr_director,ok,sent
2026-08-05 08:23:20,Cristal Group (Cristal Hospitality),hra.chad@cristalhospitality.com,hr_director,ok,sent
2026-08-05 08:23:22,Verve Management,info@verve-management.com,hiring_manager,ok,sent
2026-08-05 08:23:24,BinHendi Enterprises,bhcareers@binhendi.com,hr_director,ok,sent
2026-08-05 08:23:26,Jones the Grocer UAE,recruitment-uae@jonesthegrocer.com,hr_director,ok,sent
2026-08-05 08:23:29,The Noodle House,info@thenoodlehouse.com,hiring_manager,ok,sent
2026-08-05 08:23:31,Paramount Hotel Dubai,careers@paramounthotelsdubai.com,hr_director,ok,sent
2026-08-05 08:23:33,Dubai International Hotel,careers@dihdxb.ae,hr_director,ok,sent
2026-08-05 08:23:35,Max Events Dubai,recruitment.maxeventsdubai@gmail.com,hr_director,ok,sent
2026-08-05 08:23:38,UV Events DXB,queries@uveventsdxb.com,hiring_manager,ok,sent
2026-08-05 08:23:41,Prism Digital (Prism-ME),sales@prism-me.com,hiring_manager,ok,sent
2026-08-05 08:23:43,Digital Links Pro,hello@digitallinkspro.com,hiring_manager,ok,sent
2026-08-05 08:23:45,Moonbox,careers@moonbox.ae,hr_director,ok,sent
2026-08-05 08:23:49,WGG Advertising Agency,hr@wgg-agency.com,hr_director,ok,sent
2026-08-05 08:23:52,Luxfolio Real Estate,info@luxfoliorealestate.ae,hiring_manager,ok,sent
2026-08-05 08:23:54,"Cravia (Zaatar w Zeit, Cinnabon, Seattle's Best Coffee, Carvel)",careers@cravia.com,hr_director,ok,sent
2026-08-06 08:20:52,Rivoli Group,hr@rivoligroup.com,hr_director,ok,sent
2026-08-06 08:20:54,Sunset Hospitality Group,info@sunsethospitality.com,hiring_manager,ok,sent
2026-08-06 08:20:57,Al Islami Foods,careers@alislamifoods.com,hr_director,ok,sent
2026-08-06 08:20:59,Champs Sports Club,recruitment@champs-sportsclub.com,hr_director,ok,sent
2026-08-06 08:21:02,HMH - Hospitality Management Holdings,careers@hmhhospitality.com,hr_director,ok,sent
2026-08-06 08:21:04,United Development Company (UDC / The Pearl-Qatar),marketing@udcqatar.com,hiring_manager,ok,sent
2026-08-06 08:21:11,Aamal Company,careers@aamal.com.qa,hr_director,ok,sent
2026-08-06 08:21:15,The Pearl Gates,tpg-careers@gmail.com,hr_director,ok,sent
2026-08-06 08:21:19,Salam International Investment,hr@salaminternational.com,hr_director,ok,sent
2026-08-06 08:21:22,Kuwait Hotels Company,info@khc.com.kw,hiring_manager,ok,sent
2026-08-06 08:21:24,One PM Holding (Pret A Manger Kuwait),careers@onepmholding.com,hr_director,ok,sent
2026-08-06 08:21:26,Fine Foods Catering,info@ffcatering.com,hiring_manager,ok,sent
2026-08-06 08:21:29,Deepmark,hello@thedeepmark.com,hiring_manager,ok,sent
2026-08-06 08:21:31,Almoayyed Creative Agency,info@almoayyedca.com,hiring_manager,ok,sent
2026-08-06 08:21:34,Oman Advertising Agency (OmanAd),info@omanad.net,hiring_manager,ok,sent
2026-08-06 08:21:36,Trifoil Advertising & Publishing,info@trifoilad.com,hiring_manager,ok,sent
2026-08-06 08:21:38,BrandOne,mail@brandone-oman.com,hiring_manager,ok,sent
2026-08-07 07:02:58,Poixel,info@poixel.com,hiring_manager,ok,sent
2026-08-07 07:03:00,Ghaliah,info@ghaliah.com,hiring_manager,ok,sent
2026-08-07 07:03:03,Smart Target,hello@smarttargetkwt.com,hiring_manager,ok,sent
2026-08-07 07:03:05,Bowaba,hello@bowaba.com,hiring_manager,ok,sent
2026-08-07 07:03:07,Shawarmer,info@shawarmer.com,hiring_manager,ok,sent
2026-08-07 07:03:10,Almatar,careers@almatar.com,hr_director,ok,sent
2026-08-07 07:03:12,NICE ONE (Nice One Beauty Digital Marketing Co.),cs@niceonesa.com,hiring_manager,ok,sent
2026-08-07 07:03:15,Tamimi Markets,hr@tamimimarkets.com,hr_director,ok,sent
2026-08-07 07:03:17,eXtra (United Electronics Company),careers@extra.com,hr_director,ok,sent
2026-08-07 07:03:19,Rayat Marketing,riyadh@rayatmarketing.com,hiring_manager,ok,sent
2026-08-07 07:03:21,Boopin,info@boopin.com,hiring_manager,ok,sent
2026-08-07 07:03:24,Create Media,fuz@createmedia.agency,hiring_manager,ok,sent
2026-08-07 07:03:25,Taglime,hello@taglimeagency.com,hiring_manager,ok,sent
2026-08-07 07:03:28,Noon Academy,careers@noonacademy.com,hr_director,ok,sent
2026-08-07 07:03:30,Dallah Healthcare Company,careers@dallahhealth.com,hr_director,ok,sent
2026-08-07 07:03:32,International Schools Group (ISG),recruitment@isg.edu.sa,hr_director,ok,sent
2026-08-07 07:03:34,Dallah Advertising,info@dallahadvertising.net,hiring_manager,ok,sent
2026-08-08 06:37:58,Y.K. Almoayyed & Sons,jobs@almoayyed.com,hiring_manager,ok,sent
2026-08-08 06:38:00,The Gulf Hotel Bahrain,info@gulfhotelbahrain.com,hiring_manager,ok,sent
2026-08-08 06:38:03,Tarabut,info@tarabut.com,hiring_manager,ok,sent
2026-08-08 06:38:05,Jawad Business Group,jawad@jawad.com,hiring_manager,ok,sent
2026-08-08 06:38:06,Boutiqaat,careers@boutiqaat.com,hr_director,ok,sent
2026-08-08 06:38:08,Alghanim Industries,careers@alghanim.com,hr_director,ok,sent
2026-08-08 06:38:10,Mezzan Holding,info@mezzan.com,hiring_manager,ok,sent
2026-08-08 06:38:11,OTE Group,careers@otegroup.com,hr_director,ok,sent
2026-08-08 06:38:13,Sipchem,talentacquisition@sipchem.com,hr_director,ok,sent
2026-08-08 06:38:17,Saudi Arabian Amiantit Company,info@amiantit.com,hiring_manager,ok,sent
2026-08-08 06:38:19,Khusheim Holding,careers@khusheim.com,hr_director,ok,sent
2026-08-08 06:38:22,Al Suwaidi Holding,sales@alsuwaidi.com.sa,hiring_manager,ok,sent
2026-08-08 06:38:24,Yanbu Cement Company,customercare@ycc.sa,hiring_manager,ok,sent
2026-08-08 06:38:26,SENAAT,info@senaat.com,hiring_manager,ok,sent
2026-08-08 06:38:27,Saudi Global Ports,SGPC-ContactUs@globalpsa.com,hiring_manager,ok,sent
2026-08-08 06:38:29,Prince Mohammad Bin Fahd University,pr-mar-adv-dep@pmu.edu.sa,hiring_manager,ok,sent
2026-08-08 06:38:30,King Fahd University of Petroleum and Minerals,hrconnect@kfupm.edu.sa,hr_director,ok,sent
2026-08-09 06:41:41,King Faisal University,info@kfu.edu.sa,hiring_manager,ok,sent
2026-08-09 06:41:44,Nada Dairy,nada@nadadairy.com,hiring_manager,ok,sent
2026-08-09 06:41:47,United Group,contact@unitedgroup.com.sa,hiring_manager,ok,sent
2026-08-09 06:41:48,Al Hugayet Group,info@alhugayet.com,hiring_manager,ok,sent
2026-08-09 06:41:51,Alkifah Holding,info@alkifah.com,hiring_manager,ok,sent
2026-08-09 06:41:52,Saudi Readymix,info@saudireadymix.com.sa,hiring_manager,ok,sent
2026-08-09 06:41:55,Right Click,info@rightclick.sa,hiring_manager,ok,sent
2026-08-09 06:41:57,Tihama Advertising and Public Relations,info@tihama.com,hiring_manager,ok,sent
2026-08-09 06:41:59,Leads,info@leads.sa,hiring_manager,ok,sent
2026-08-09 06:42:01,Room 11,info@room11.sa,hiring_manager,ok,sent
2026-08-09 06:42:02,Seven Dimensions,contact@7di.sa,hiring_manager,ok,sent
2026-08-09 06:42:05,Jusoor,careers@jusoor.com.sa,hr_director,ok,sent
2026-08-09 06:42:07,Kaden Investment,info@kaden-sa.com,hiring_manager,ok,sent
2026-08-09 06:42:09,Midad Real Estate,info@midad.com.sa,hiring_manager,ok,sent
2026-08-09 06:42:11,Ajwaad Group,info@ajwaadgroup.com,hiring_manager,ok,sent
2026-08-09 06:42:13,Saudi Premier Group,info@saudipremiergroup.com,hiring_manager,ok,sent
2026-08-09 06:42:16,Umrah Travel Agency,info@umrahtravel.com,hiring_manager,ok,sent
2026-08-10 07:16:01,Saudi Event Services,info@saudieventservices.com,hiring_manager,ok,sent
2026-08-10 07:16:03,Next Productions,info@nextproductions.sa,hiring_manager,ok,sent
2026-08-10 07:16:05,Idea Factory Films,info@ideafactory-films.com,hiring_manager,ok,sent
2026-08-10 07:16:07,British International School Riyadh,baeadmissions@bisr.com.sa,hiring_manager,ok,sent
2026-08-10 07:16:10,AlMeswak Medical Group,info@almeswak.com,hiring_manager,ok,sent
2026-08-10 07:16:12,The Clinics,hello@the-clinics.com,hiring_manager,ok,sent
2026-08-10 07:16:14,Al Jawdah Clinics,info@aljawdahclinic.com,hiring_manager,ok,sent
2026-08-10 07:16:16,TAM Dental,info@tamdental.sa,hiring_manager,ok,sent
2026-08-10 07:16:18,Al Alam Medical Complex,info@alalammedical.sa,hiring_manager,ok,sent
2026-08-10 07:16:20,Al Madinah Medical Center,info@madinahclinic.com,hiring_manager,ok,sent
2026-08-10 07:16:22,Shifa Jeddah Polyclinic,contact@shifajeddahksa.com,hiring_manager,ok,sent
2026-08-10 07:16:25,Hosn Clinics,info@hosnclinics.sa,hiring_manager,ok,sent
2026-08-10 07:16:27,Bateel International,talent.ksa@bateel.com,hr_director,ok,sent
2026-08-10 07:16:29,HB Brands,info@hbbrands.com,hiring_manager,ok,sent
2026-08-10 07:16:31,Saudi Coffee Company,info@saudicoffee.com,hiring_manager,ok,sent
2026-08-10 07:16:33,FBH Group,info@fbh.sa,hiring_manager,ok,sent
2026-08-10 07:16:35,Overdose Coffee,hello@overdosecoffee.co,hiring_manager,ok,sent
2026-08-11 06:53:40,Raydan Food Company,info@raydan.com.sa,hiring_manager,ok,sent
2026-08-11 06:53:41,Namariq Arabian Services,Recruitment.Unit@namariq.com.sa,hr_director,ok,sent
2026-08-11 06:53:44,Saudi Marketing Company Farm Superstores,info@farm.com.sa,hiring_manager,ok,sent
2026-08-11 06:53:45,SACO,crm@saco-ksa.com,hiring_manager,ok,sent
2026-08-11 06:53:47,Al Raya Markets,info@alraya.sa,hiring_manager,ok,sent
2026-08-11 06:53:49,Al-Dawaa Pharmacies,info@al-dawaa.com.sa,hiring_manager,ok,sent
2026-08-11 06:53:51,Almadina Pharmacy,info@almadina.com.sa,hiring_manager,ok,sent
2026-08-11 06:53:52,Leejam Sports Company,info@leejam.com.sa,hiring_manager,ok,sent
2026-08-11 06:53:54,Armah Sports Company,info@armahsports.com,hiring_manager,ok,sent
2026-08-11 06:53:57,KUN Sports,info@kunsports.com,hiring_manager,ok,sent
2026-08-11 06:53:58,NuYu Fitness,community@nuyu-ksa.com,hiring_manager,ok,sent
2026-08-13 07:15:36,Al Yamamah University,info@yu.edu.sa,hiring_manager,ok,sent
2026-08-13 07:15:38,Dar Al Uloom University,info@dau.edu.sa,hiring_manager,ok,sent
2026-08-13 07:15:40,Riyadh Elm University,info@riyadh.edu.sa,hiring_manager,ok,sent
2026-08-13 07:15:43,Kingdom Schools,jobs@kingdomschools.edu.sa,hiring_manager,ok,sent
2026-08-13 07:15:45,Saud International School,enquiries@sis.edu.sa,hiring_manager,ok,sent
2026-08-13 07:15:47,Prince Mohammed Bin Salman College,info@mbsc.edu.sa,hiring_manager,ok,sent
2026-08-13 07:15:49,Alhussam Tourism,sales@alhussamtourism.com,hiring_manager,ok,sent
2026-08-13 07:15:51,Red Sea Mall,info@redseamall.com,hiring_manager,ok,sent
2026-08-13 07:15:54,Al Romansiah,info@alromansiah.com,hiring_manager,ok,sent
2026-08-13 07:15:56,Abeer Medical Group,info@alabeermedicalgroup.com,hiring_manager,ok,sent
2026-08-13 07:15:58,Fakeeh Care Group,gmo@fakeeh.care,hiring_manager,ok,sent
2026-08-13 07:16:00,Kharsa Clinics,info@kharsaclinics.com,hiring_manager,ok,sent
2026-08-13 07:16:02,Horizon Dental Clinics,info@horizondent.com,hiring_manager,ok,sent
2026-08-13 07:16:05,Dora Clinics,admin@doraclinic.sa,hiring_manager,ok,sent
2026-08-13 07:16:07,You Beauty Salons,info@you-sa.net,hiring_manager,ok,sent
2026-08-13 07:16:09,Aster Pharmacy Saudi,info@asterpharmacy.com,hiring_manager,ok,sent
2026-08-13 07:16:11,UFC Gym KSA,customerservice@ufcgymksa.com,hiring_manager,ok,sent
2026-08-14 07:13:23,Golds Gym Jeddah Probody,info@probody.sa,hiring_manager,ok,sent
2026-08-14 07:13:25,Pawfect Veterinary Clinic,info@pawfectclinic.sa,hiring_manager,ok,sent
2026-08-14 07:13:27,Karaman Veterinary Clinic,info@karamanvet.sa,hiring_manager,ok,sent
2026-08-14 07:13:29,North Paws Veterinary Clinic,info@northpaws-sa.com,hiring_manager,ok,sent
2026-08-14 07:13:31,Genevet,info@genevet.co,hiring_manager,ok,sent
2026-08-14 07:13:34,Najran Cement Company,info@najrancement.com,hiring_manager,ok,sent
2026-08-14 07:13:36,Hayat National Hospitals,info@hayathospitals.com,hiring_manager,ok,sent
2026-08-14 07:13:38,Jazan Integrated Gasification and Power Company,info@jigpc.com,hiring_manager,ok,sent
2026-08-14 07:13:40,Tabuk Cement Company,jobs@tcc-sa.com,hiring_manager,ok,sent
2026-08-14 07:13:42,Prince Fahd bin Sultan Hospital,info@pfbsh.com.sa,hiring_manager,ok,sent
2026-08-14 07:13:44,Al-Ahli General Medical Complex,info@alahlimed.com.sa,hiring_manager,ok,sent
2026-08-14 07:13:47,Tabuk Agricultural Development Company,online@tadco-agri.com,hiring_manager,ok,sent
2026-08-14 07:13:49,Qassim Cement Company,qcc@qcc.com.sa,hiring_manager,ok,sent
2026-08-14 07:13:50,Jazan Development and Investment Company,info@jazadco.com.sa,hiring_manager,ok,sent
2026-08-14 07:13:53,Al Radi Rose,info@alradi-rose.com,hiring_manager,ok,sent
2026-08-14 07:13:56,Iridium Hotel,info@iridium-hotel.com,hiring_manager,ok,sent
2026-08-15 06:24:07,Sulaiman Alrajhi University,recruitment@sr.edu.sa,hr_director,ok,sent
2026-08-15 06:24:09,Ramz Al-Qassim Real Estate,contact@ramzalqasim.com,hiring_manager,ok,sent
2026-08-15 06:24:11,Al Ahsa Valley Investment Company,info@avic.com.sa,hiring_manager,ok,sent
2026-08-15 06:24:13,Al Ahsa Grand Hotel,info@alahsagrandhotel.com,hiring_manager,ok,sent
2026-08-15 06:24:15,Riyadh Cables Group,marketing@riyadh-cables.com,hiring_manager,ok,sent
2026-08-15 06:24:17,Saudi Steel Pipe Company,info@sspipe.com,hiring_manager,ok,sent
2026-08-15 06:24:19,Rowad National Plastic,marketing@rowadplastic.com,hiring_manager,ok,sent
2026-08-15 06:24:22,Hala Supply Chain Services,info@halagroup.com,hiring_manager,ok,sent
2026-08-15 06:24:23,BAFCO International Shipping and Logistics,inquiry@bafcointl.com,hiring_manager,ok,sent
2026-08-15 06:24:25,AutoWorld,clientservice@autoworld.com.sa,hiring_manager,ok,sent
2026-08-15 06:24:27,E.A. Juffali and Brothers,juffali@eajb.com.sa,hiring_manager,ok,sent
2026-08-15 06:24:29,Neoleap,info@neoleap.com.sa,hiring_manager,ok,sent
2026-08-15 06:24:32,Buruj Cooperative Insurance,info@buruj.com.sa,hiring_manager,ok,sent
2026-08-15 06:24:34,Goody by Basamh,goodyconnect@goody.com.sa,hiring_manager,ok,sent
2026-08-15 06:24:37,Basamh Trading Company,info@basamh.com,hiring_manager,ok,sent
2026-08-15 06:24:39,Al Khodari and Sons Company,info@alkhodari.com.sa,hiring_manager,ok,sent
2026-08-16 06:26:44,Mabanee,info@mabanee.com,hiring_manager,ok,sent
2026-08-16 06:26:48,Ali Abdulwahab Al Mutawa Commercial Co,info@aaw.com,hiring_manager,ok,sent
2026-08-16 06:26:50,Salhia Real Estate Company,info@salhia.com,hiring_manager,ok,sent
2026-08-16 06:26:53,Kuwait Hospital,info@kuwaithospital.com.kw,hiring_manager,ok,sent
2026-08-16 06:26:55,Barwa Real Estate Group,recruitment@barwa.com.qa,hr_director,ok,sent
2026-08-16 06:26:58,Doha Bank,careers@dohabank.com.qa,hr_director,ok,sent
2026-08-16 06:27:01,Baladna,info@baladna.com,hiring_manager,ok,sent
2026-08-16 06:27:03,Al Emadi Hospital,hr.recruitment@alemadiholding.com.qa,hr_director,ok,sent
2026-08-16 06:27:06,Kuwait Danish Dairy Company,hr@kddc.com,hr_director,ok,sent
2026-08-16 06:27:09,Al Sayer Group,recruitment@alsayergroup.com,hr_director,ok,sent
2026-08-16 06:27:12,New Mowasat Hospital,recruitment@newmowasat.com,hr_director,ok,sent
2026-08-16 06:27:15,United Real Estate Company,info@urc.com.kw,hiring_manager,ok,sent
2026-08-16 06:27:17,International Hospital Kuwait,careers@internationalhospital-kw.com,hr_director,ok,sent
2026-08-16 06:27:19,Seef Properties,info@seef.com.bh,hiring_manager,ok,sent
2026-08-16 06:27:22,Al Salam Bank,connect@alsalambank.com,hiring_manager,ok,sent
2026-08-16 06:27:24,Al Kindi Hospital,careers@alkindihospital.com,hr_director,ok,sent
2026-08-16 06:27:26,The Domain Hotel and Spa,connect@thedomainhotels.com,hiring_manager,ok,sent
2026-08-17 06:37:46,Ramli Mall,info@ramlimall.com,hiring_manager,ok,sent
2026-08-17 06:37:48,Ramee Group of Hotels,recruitments@rameehotels.com,hr_director,ok,sent
2026-08-17 06:37:50,The First Group Hospitality,Info@tfghospitality.com,hiring_manager,ok,sent
2026-08-17 06:37:52,Al Khoory Hotels,info@alkhooryhotels.com,hiring_manager,ok,sent
2026-08-17 06:37:54,Lals Group,Info@lalsgroup.com,hiring_manager,ok,sent
2026-08-17 06:37:56,Sharaf Group,info@sharaf.ae,hiring_manager,ok,sent
2026-08-17 06:37:57,MERED,career@mered.ae,hr_director,ok,sent
2026-08-17 06:37:59,Emirates Hospitals Group,recruitment@emirateshospital.ae,hr_director,ok,sent
2026-08-17 06:38:01,Emirates European Hospital,hr@eehospital.com,hr_director,ok,sent
2026-08-17 06:38:03,Amity School Dubai,careers@amitydubai.ae,hr_director,ok,sent
2026-08-17 06:38:05,Petra,hr@petracosmetics.co.uk,hr_director,ok,sent
2026-08-17 06:38:07,Belad Bont Resort,info@beladbont.com,hiring_manager,ok,sent
2026-08-17 06:38:10,Oman Reinsurance Company,recruitment@omanre.com.om,hr_director,ok,sent
2026-08-17 06:38:12,Muscat Multimedia,info@muscatmultimedia.com,hiring_manager,ok,sent
2026-08-17 06:38:14,Burjeel Medical Centre Oman,careers.bmc@bmcoman.com,hr_director,ok,sent
2026-08-17 06:38:15,American Mission Hospital,hr@amh.org.bh,hr_director,ok,sent
2026-08-17 06:38:17,Bahrain Specialist Hospital,bshinfo@bsh.com.bh,hiring_manager,ok,sent
2026-08-17T12:17:46,Kuwait Hospital,Recruitment@kuwaithospital.com.kw,hr_recruitment_redirect,OK,sent
2026-08-18 06:29:11,Gulf University,hrd@gulfuniversity.edu.bh,hr_director,ok,sent
2026-08-18 06:29:15,University College of Bahrain,recruit@ucb.edu.bh,hr_director,ok,sent
2026-08-18 06:29:18,Kingdom University,info@ku.edu.bh,hiring_manager,ok,sent
2026-08-18 06:29:22,Dadabhai Group,info@dadabhaigroup.com,hiring_manager,ok,sent
2026-08-18 06:29:24,Amlak Bahrain,info@amlak.bh,hiring_manager,ok,sent
2026-08-18 06:29:27,Aman Hospital,careers@amanhospital.org,hr_director,ok,sent
2026-08-18 06:29:28,Al Ahli Hospital,info@ahlihospital.com,hiring_manager,ok,sent
2026-08-18 06:29:30,Steps Real Estate,contact@steps.com.qa,hiring_manager,ok,sent
2026-08-18 06:29:32,ACS Doha International School,careers@acsdoha.school,hr_director,ok,sent
2026-08-18 06:29:36,Doha British School,recruitment@dohabritishschool.com,hr_director,ok,sent
2026-08-18 06:29:38,Almana and Partners,recruitment@almanapartners.com,hr_director,ok,sent
2026-08-18 06:29:39,Qatar Insurance Company,careers@qic.com.qa,hr_director,ok,sent
2026-08-18 06:29:42,Kuwait Resources House,careers@krhkw.com,hr_director,ok,sent
2026-08-18 06:29:46,Al Amal Hospital,hr@alamalhospital.me,hr_director,ok,sent
2026-08-18 06:29:48,Bhavans Bahrain Indian School,hr@bhavansbahrain.com,hr_director,ok,sent
2026-08-18 06:29:51,Royal Bahrain Hospital,mail@royalbahrainhospital.com,hiring_manager,ok,sent
2026-08-18 06:29:54,Diyar Al Muharraq,customerservice@diyar.bh,hiring_manager,ok,sent
2026-08-19 06:30:11,Al Hamra Real Estate Company,careers@alhamra.com.kw,hr_director,ok,sent
2026-08-19 06:30:14,Al Mazaya Holding Company,info@mazayarealestate.com,hiring_manager,ok,sent
2026-08-19 06:30:15,Al Mulla Group,info@almullagroup.com,hiring_manager,ok,sent
2026-08-19 06:30:18,Dar Al Shifa Hospital,contactus@daralshifa.com,hiring_manager,ok,sent
2026-08-19 06:30:20,Bensirri PR,jobs@bensirri.com,hiring_manager,ok,sent
2026-08-19 06:30:21,Pencilvent,info@pencilvent.com,hiring_manager,ok,sent
2026-08-19 06:30:23,Kuwait English School,keschool@kes.edu.kw,hiring_manager,ok,sent
2026-08-19 06:30:25,Touristic Enterprises Company,info@tec.com.kw,hiring_manager,ok,sent
2026-08-19 06:30:28,Zulekha Hospitals,hr@zulekhahospitals.com,hr_director,ok,sent
2026-08-19 06:30:29,RAK Medical and Health Sciences University,hrd@rakmhsu.ac.ae,hr_director,ok,sent
2026-08-19 06:30:31,Thumbay Group,info@thumbay.com,hiring_manager,ok,sent
2026-08-19 06:30:32,Ajman University,inquiry@ajman.ac.ae,hiring_manager,ok,sent
2026-08-19 06:30:34,Alef Group,customerservice@alefgroup.ae,hiring_manager,ok,sent
2026-08-19 06:30:35,Safeer Group,info@safeergroup.com,hiring_manager,ok,sent
2026-08-19 06:30:37,Ras Al Khaimah Tourism Development Authority,info@raktda.com,hiring_manager,ok,sent
2026-08-19 06:30:38,Al Ain Farms,customercare@alainfarms.com,hiring_manager,ok,sent
2026-08-20 06:32:53,R Hotels,hr@rdtdubai.com,hr_director,ok,sent
2026-08-20 06:32:54,TIME Hotels,welcome@timehotels.com,hiring_manager,ok,sent
2026-08-20 06:32:56,Canadian Specialist Hospital,info@csh.ae,hiring_manager,ok,sent
2026-08-20 06:32:58,IMKAN Properties,hello@imkan.ae,hiring_manager,ok,sent
2026-08-20 06:33:00,WonderEight,jobs@wondereight.com,hiring_manager,ok,sent
2026-08-20 06:33:02,Chain Reaction,letstalk@chainreaction.ae,hiring_manager,ok,sent
2026-08-20 06:33:05,Grow Combine,info@growcombine.com,hiring_manager,ok,sent
2026-08-20 06:33:06,Mohsin Haider Darwish,hro@mhd.co.om,hr_director,ok,sent
2026-08-20 06:33:08,Oman Flour Mills,career@omanflourmills.com,hr_director,ok,sent
2026-08-20 06:33:09,Al Mouj Muscat,customerservice@almouj.com,hiring_manager,ok,sent
2026-08-20 06:33:11,Muscat Private Hospital,info@muscatprivatehospital.com,hiring_manager,ok,sent
2026-08-20 06:33:13,Oman International Hospital,marketing@omanihospital.com,hiring_manager,ok,sent
2026-08-20 06:33:14,Modern College of Business and Science,info@mcbs.edu.om,hiring_manager,ok,sent
2026-08-20 06:33:16,Zahara Tours,inbound@zaharatours.com,hiring_manager,ok,sent
2026-08-20 06:33:18,National Travel and Tourism,holidays@nttoman.com,hiring_manager,ok,sent
2026-08-20 06:33:19,Muscat Overseas Group,mog@muscatoverseas.com,hiring_manager,ok,sent
2026-08-21 06:33:05,Sohar Poultry,info@soharpoultry.com,hiring_manager,ok,sent
2026-08-21 06:33:08,Modern Building Leaders,marketing@mbl.com.sa,hiring_manager,ok,sent
2026-08-21 06:33:09,Dar Al Riyadh,info@daralriyadh.com,hiring_manager,ok,sent
2026-08-21 06:33:14,Al-Rushaid Construction Co,careers@arccksa.com,hr_director,ok,sent
2026-08-21 06:33:20,Al-Rushaid Group,corporate@al-rushaid.com,hiring_manager,ok,sent
2026-08-21 06:33:21,Al Dammam Development Company,info@dammamdev.com.sa,hiring_manager,ok,sent
2026-08-21 06:33:24,Al Yamamah Steel Industries,ys@yamsteel.com,hiring_manager,ok,sent
2026-08-21 06:33:25,Saudi Silk Road DMC,info@saudisilkroad.com,hiring_manager,ok,sent
2026-08-21 06:33:27,Al Sanabel Hotel,info@sanabel.com,hiring_manager,ok,sent
2026-08-21 06:33:29,Iram Company for Umrah Services,info@iramservices.com,hiring_manager,ok,sent
2026-08-21 06:33:31,Somewhere Hotel Al Ahsa,info@somewhere-hotels.com,hiring_manager,ok,sent
2026-08-21 06:33:32,Nivel Hotel Abha,info@nivelhotels.com,hiring_manager,ok,sent
2026-08-21 06:33:35,University of Prince Mugrin,hr.dept@upm.edu.sa,hr_director,ok,sent
2026-08-21 06:33:37,Al-Rayan National Colleges,info@amc.edu.sa,hiring_manager,ok,sent
2026-08-21 06:33:38,Buraydah Private Colleges,info@bpc.edu.sa,hiring_manager,ok,sent
2026-08-21 06:33:40,Black Gold Higher Training Institute,info@blackgold.edu.sa,hiring_manager,ok,sent
2026-08-22 06:26:14,International Programs School,admin@ipsksa.com,hiring_manager,ok,sent
2026-08-22 06:26:16,Abha Private Schools,info@mail.mwahib.edu.sa,hiring_manager,ok,sent
2026-08-22 06:26:18,Momentum,info@momentummix.com,hiring_manager,ok,sent
2026-08-22 06:26:20,Filmology,hello@filmology.com.sa,hiring_manager,ok,sent
2026-08-22 06:26:22,TAYB,hello@tayb.sa,hiring_manager,ok,sent
2026-08-22 06:26:24,Aldrees Petroleum & Transport Services,info@aldrees.com,hiring_manager,ok,sent
2026-08-22 06:26:26,MBC Group,contact@mbc.net,hiring_manager,ok,sent
2026-08-22 06:26:28,MAG Group Holding,hr@mag.ae,hr_director,ok,sent
2026-08-22 06:26:29,GTECH,hello@gtechme.com,hiring_manager,ok,sent
2026-08-22 06:26:31,Rove Hotels,talent@rovehotels.com,hr_director,ok,sent
2026-08-22 06:26:33,Abu Dhabi National Hotels (ADNH),info@adnh.com,hiring_manager,ok,sent
2026-08-22 06:26:35,BEEAH Group,info@beeahgroup.com,hiring_manager,ok,sent
2026-08-22 06:26:37,The Galleria Al Maryah Island,info@thegalleria.ae,hiring_manager,ok,sent
2026-08-22 06:26:38,Unikai Foods,info@unikai.com,hiring_manager,ok,sent
2026-08-22 06:26:40,Gulf Craft,recruitment@gulfcraftgroup.com,hr_director,ok,sent
2026-08-22 06:26:42,A'Saffa Foods,contact@asaffa.com,hiring_manager,ok,sent
2026-08-23 06:27:39,The iBoost,hello@theiboost.com,hiring_manager,ok,sent
2026-08-23 06:27:41,Marjan,info@marjan.ae,hiring_manager,ok,sent
2026-08-23 06:27:43,RAK Hospital,mail@rakhospital.com,hiring_manager,ok,sent
2026-08-23 06:27:46,Ras Al Khaimah Hotel,marketing@rasalkhaimahhotel.com,hiring_manager,ok,sent
2026-08-23 06:27:49,Gulftainer,commercial@gulftainer.com,hiring_manager,ok,sent
2026-08-23 06:27:52,Tiger Group,contact@tigergroup.ae,hiring_manager,ok,sent
2026-08-23 06:27:54,Fujairah Hotel and Resort,reservations@fujairahresort.ae,hiring_manager,ok,sent
2026-08-23 06:27:56,SFC Group,jobs@sfcgroup.com,hiring_manager,ok,sent
2026-08-23 06:27:57,Trendz Agency,info@trendzagency.com,hiring_manager,ok,sent
2026-08-23 06:28:00,Global EDGE Advertisements,info@geadvt.com,hiring_manager,ok,sent
2026-08-23 06:28:02,Rayaat Advertising,info@rayaat.ae,hiring_manager,ok,sent
2026-08-23 06:28:04,Al Fahim Group,info@alfahim.ae,hiring_manager,ok,sent
2026-08-23 06:28:07,Crescent Enterprises,ce@crescent.ae,hiring_manager,ok,sent
2026-08-23 06:28:09,Bin Butti Group,info@binbuttigroup.com,hiring_manager,ok,sent
2026-08-23 06:28:11,Universal Hospital,info@universalhospitals.com,hiring_manager,ok,sent
2026-08-23 06:28:15,AlSharq Hospital,contact.shf@fng.ae,hiring_manager,ok,sent
2026-08-24 06:40:40,Vitalia Clinics,info@vitalia-clinics.com,hiring_manager,ok,sent
2026-08-24 06:40:43,Al Ryan Polyclinic,info@ryanriyadh.com,hiring_manager,ok,sent
2026-08-24 06:40:45,Team Academy Saudi,info@teamacademy.net,hiring_manager,ok,sent
2026-08-24 06:40:49,Vera Interior,info@verainterior.com,hiring_manager,ok,sent
2026-08-24 06:40:51,Art and Science Dental Clinic,info@artscienclinic.com,hiring_manager,ok,sent
2026-08-24 06:40:55,United SEO,info@unitedseo.sa,hiring_manager,ok,sent
2026-08-24 06:40:57,Alzaman,info@alzaman.net,hiring_manager,ok,sent
2026-08-24 06:40:59,Insights,info@insightss.co,hiring_manager,ok,sent
2026-08-24 06:41:01,Premium Support Facility Management,info@premium-sa.com,hiring_manager,ok,sent
2026-08-24 06:41:05,CFM Saudi,info@cfmsaudi.com,hiring_manager,ok,sent
2026-08-24 06:41:06,Al-Majd International School Dammam,info@misd.edu.sa,hiring_manager,ok,sent
2026-08-24 06:41:09,International Indian School Dammam,hrd@iisdammam.edu.sa,hr_director,ok,sent
2026-08-24 06:41:11,Five Moon,marketing@fivemoon.com.sa,hiring_manager,ok,sent
2026-08-24 06:41:13,TAM PRO General Contracting,info@tamcompany2030.com,hiring_manager,ok,sent
2026-08-24 06:41:15,CEPCO Civil and Electrical Projects Contracting,info@CEPCO-sa.com,hiring_manager,ok,sent
2026-08-24 06:41:16,Ziyara Hospitality,info@ziyarahospitality.com,hiring_manager,ok,sent
2026-08-25 06:33:03,Healthcare Polyclinic Dammam,admin@healthcare.com.sa,hiring_manager,ok,sent
2026-08-25 06:33:04,Ryan Clinic Dammam,info@ryanclinicdammam.com,hiring_manager,ok,sent
2026-08-25 06:33:06,Almutlaq Furniture,projects@almutlaqfurniture.com,hiring_manager,ok,sent
2026-08-25 06:33:09,Oasis International School,careers@oasisalain.com,hr_director,ok,sent
2026-08-25 06:33:11,Manor Hall International School,careers@manorhallschool.com,hr_director,ok,sent
2026-08-25 06:33:13,Al Dhafra Private Schools,hr@dhafraschools.com,hr_director,ok,sent
2026-08-25 06:33:16,BM Hotels and Resorts,info@bmhotelsresorts.com,hiring_manager,ok,sent
2026-08-25 06:33:19,Al Thuriah Group,info@althuriah.com,hiring_manager,ok,sent
2026-08-25 06:33:22,Ajmal Makan,info@ajmalmakan.com,hiring_manager,ok,sent
2026-08-25 06:33:24,Open Home Properties,info@ohp-abudhabi.com,hiring_manager,ok,sent
2026-08-25 06:33:26,SNTTA Sharjah National Travel and Tourist Agency,customercare@sntta.ae,hiring_manager,ok,sent
2026-08-25 06:33:28,Pure Arabia,info@pure-arabia.com,hiring_manager,ok,sent
2026-08-25 06:33:30,Liwa Trading Enterprises,careers@liwastores.com,hr_director,ok,sent
2026-08-25 06:33:33,Momentum Logistics,info@momentumlogistics.com,hiring_manager,ok,sent
2026-08-25 06:33:35,National Catering Services and Foodstuff,info@nationalcatering.net,hiring_manager,ok,sent
2026-08-25 06:33:37,Day to Day Hypermarket,careers@daytodayuae.ae,hr_director,ok,sent
2026-08-26 06:35:03,Saudi Aramco Mobil Refinery Company (SAMREF),info@samref.com.sa,hiring_manager,ok,sent
2026-08-26 06:35:05,Bawan Company,info@bawan.com.sa,hiring_manager,ok,sent
2026-08-26 06:35:07,Abunayyan Holding,info@abunayyanholding.com,hiring_manager,ok,sent
2026-08-26 06:35:09,Al Rashed Steel,info@alrashed-steel.com,hiring_manager,ok,sent
2026-08-26 06:35:11,Bahra Electric,marketing@bahra-electric.com,hiring_manager,ok,sent
2026-08-26 06:35:13,Nasser S. Al Hajri Corporation (NSH),info@nsh.sa,hiring_manager,ok,sent
2026-08-26 06:35:16,AFCC Global,info@afccglobal.com,hiring_manager,ok,sent
2026-08-26 06:35:17,Al-Babtain Power & Telecommunication,corporateoffice@al-babtain.com.sa,hiring_manager,ok,sent
2026-08-26 06:35:20,Saudi Cable Company,info@saudicable.com,hiring_manager,ok,sent
2026-08-26 06:35:23,City Cement Company,Recruitment@CityCement.sa,hr_director,ok,sent
2026-08-26 06:35:25,Saudi Industrial Services Company (SISCO),hr@sisco.com.sa,hr_director,ok,sent
2026-08-26 06:35:27,Saudi Arabian Glass Company (SAGCO),marketing@saudi-glass.com,hiring_manager,ok,sent
2026-08-26 06:35:29,Naizak Global Engineering Systems,info@naizak.com,hiring_manager,ok,sent
2026-08-26 06:35:31,Al Ittefaq Steel Products Company (ISPC),info@ittefaqsteel.com,hiring_manager,ok,sent
2026-08-26 06:35:32,Kingdom Hospital and Consulting Clinics,info@khccgroup.com,hiring_manager,ok,sent
2026-08-26 06:35:36,Dr. Erfan and Bagedo General Hospital,px@ebgh.sa,hiring_manager,ok,sent
2026-08-27 17:10:54,Alfa Medical Laboratories,info@alfalab.com.sa,hiring_manager,ok,sent
2026-08-27 17:10:56,Makkah Medical Center,mmc@mmc.med.sa,hiring_manager,ok,sent
2026-08-27 17:10:59,Tadawi Medical Group,info@tadawigroup.com,hiring_manager,ok,sent
2026-08-27 17:11:00,Adel Pharmacies,info@adelmail.com,hiring_manager,ok,sent
2026-08-27 17:11:08,Batterjee Medical College,info@BMC.edu.sa,hiring_manager,ok,sent
2026-08-27 17:11:13,Al-Andalus International Schools,Crm@as.edu.sa,hiring_manager,ok,sent
2026-08-27 17:11:20,Advanced Learning Schools,info@alsschools.com,hiring_manager,ok,sent
2026-08-27 17:11:23,Fahd bin Sultan University,info@fbsu.edu.sa,hiring_manager,ok,sent
2026-08-27 17:11:26,Al-Khandaq Private Schools,info@alkhandaq.edu.sa,hiring_manager,ok,sent
2026-08-27 17:11:29,Al Jeel Model Private Schools,enquiries@aljeelschools.com,hiring_manager,ok,sent
2026-08-27 17:11:32,Al-Rowad Private Schools,info-burayda@arrowad.sch.sa,hiring_manager,ok,sent
2026-08-27 17:11:40,Al-Fadeelah Private Schools,info@alfadeelah.edu.sa,hiring_manager,ok,sent
2026-08-27 17:11:42,BinDawood Holding,cs@bindawood.com,hiring_manager,ok,sent
2026-08-27 17:11:47,Al Khozama Investment,info@Alkhozama.com,hiring_manager,ok,sent
2026-08-27 17:11:49,Ajlan & Bros Holding,info@ajlanbros.com,hiring_manager,ok,sent
2026-08-27 17:11:52,Alsulaiman Group,info@alsulaimangroup.com,hiring_manager,ok,sent
2026-08-28 15:13:43,Al Sorayai Group,care@al-sorayai.com,hiring_manager,ok,sent
2026-08-28 15:13:46,Boutique Group,info@boutiquegroup.com,hiring_manager,ok,sent
2026-08-28 15:13:49,El Khayyat Center,info@el-khayyat.com,hiring_manager,ok,sent
2026-08-28 15:13:54,CATRION Group,info@catrion.com,hiring_manager,ok,sent
2026-08-28 15:13:57,Nofa Resorts,reservations@nofaresorts.com,hiring_manager,ok,sent
2026-08-28 15:14:01,Century 21 Saudi,info@century21.sa,hiring_manager,ok,sent
2026-08-28 15:14:04,Flyin.com,customercare@flyin.com,hiring_manager,ok,sent
2026-08-28 15:14:08,Umm Al Qura for Development and Construction,info@ummalqura.com.sa,hiring_manager,ok,sent
2026-08-28 15:14:11,Nana,support@nana.sa,hiring_manager,ok,sent
2026-08-28 15:14:15,BAAN Holding Group,info@baanholding.com,hiring_manager,ok,sent
2026-08-28 15:14:17,Food Fund International,info@foodfund.ae,hiring_manager,ok,sent
2026-08-28 15:14:21,Doha Academy,recruitment@dohaacademy.net,hr_director,ok,sent
2026-08-28 15:14:23,Qatar Academy Doha,qataracademy@qf.org.qa,hiring_manager,ok,sent
2026-08-28 15:14:30,Nasco Qatar,info@nascoqatar.com,hiring_manager,ok,sent
2026-08-28 15:14:33,Al Maha Academy for Girls,hrd@taalumgroup.com,hr_director,ok,sent
2026-08-28 15:14:38,ERA Bahrain,hr@erabahrain.net,hr_director,ok,sent
2026-08-28T16:58:30,Flyin.com,hr@flyin.com,hr_after_redirect,OK,sent
2026-08-29 00:30:37,Ibn Al-Nafees Hospital,info@ibnalnafees.com,hiring_manager,ok,sent
2026-08-29 00:30:39,FROM6 Communications,info@from6.com,hiring_manager,ok,sent
2026-08-29 00:30:40,Ahlia University,info@ahlia.edu.bh,hiring_manager,ok,sent
2026-08-29 00:30:44,Aster Al Raffah Hospital,info.oman@asterhospital.com,hiring_manager,ok,sent
2026-08-29 00:30:47,ABA Oman International School,hr@abaoman.org,hr_director,ok,sent
2026-08-29 00:30:49,MARCOM Oman,info@marcomoman.com,hiring_manager,ok,sent
2026-08-29 00:30:51,Al Madina Takaful,reachus@almadinatakaful.com,hiring_manager,ok,sent
2026-08-29 00:30:53,American University of the Middle East,hr@aum.edu.kw,hr_director,ok,sent
2026-08-29 00:30:56,American Creativity Academy,recruitment@aca.edu.kw,hr_director,ok,sent
2026-08-29 00:31:00,Salmiya Clinic,info@salmiyaclinic.com,hiring_manager,ok,sent
2026-08-29 00:31:02,Central Hospital Sharjah,hr@centralhospitaluae.com,hr_director,ok,sent
2026-08-29 00:31:04,Sharjah Cement Factory,scf@sharjahcementfactory.ae,hiring_manager,ok,sent
2026-08-29 00:31:07,Orient Freight Solutions,info@ofsae.com,hiring_manager,ok,sent
2026-08-29 00:31:09,dnata Logistics,hr@dnatalogistics.com,hr_director,ok,sent
2026-08-29 00:31:11,TFI World,careers@ae.tfiworld.com,hr_director,ok,sent
2026-08-29 00:31:14,GSL Dubai,info@gsldubai.com,hiring_manager,ok,sent
2026-08-30 10:59:32,Pakistan International School Al-Taif,admin@pistaif.com,hiring_manager,ok,sent
2026-08-30 10:59:34,Taif Chamber of Commerce and Industry,info@taifcci.org.sa,hiring_manager,ok,sent
2026-08-30 10:59:35,Yanbu Chamber of Commerce and Industry,info@ynbcci.org.sa,hiring_manager,ok,sent
2026-08-30 10:59:37,Tabuk Chamber of Commerce and Industry,info@tabukchamber.sa,hiring_manager,ok,sent
2026-08-30 10:59:39,Dar Tantora The House Hotel,dartantora@kertenhospitality.com,hiring_manager,ok,sent
2026-08-30 10:59:40,Al Hussan Education and Training,headoffice@alhussan.edu.sa,hiring_manager,ok,sent
2026-08-30 10:59:41,Metro Co Ltd,info@metro-sa.com,hiring_manager,ok,sent
2026-08-30 10:59:43,Al-Qahtani Construction and Building Co,info@ahqsons.com,hiring_manager,ok,sent
2026-08-30 10:59:45,Shapes Advertising,info@shapesadvertising.com,hiring_manager,ok,sent
2026-08-30 10:59:46,Al Shammari Advertising,info@alshammari.sa,hiring_manager,ok,sent
2026-08-30 10:59:48,Ram Clinics,ramsupport@ramclinics.com,hiring_manager,ok,sent
2026-08-30 10:59:49,Khalifa A. Algosaibi Group,info@algosaibi.sa,hiring_manager,ok,sent
2026-08-30 10:59:52,Arabian Furniture and Design Company,info@afdc.com.sa,hiring_manager,ok,sent
2026-08-30 10:59:53,Saudi Catering and Contracting Company,genmgt@saudicatering.net,hiring_manager,ok,sent
2026-08-30 10:59:54,QAF Catering Services,info@qafcatering.com,hiring_manager,ok,sent
2026-08-30 10:59:56,EGT Group,info@egtgroupksa.com,hiring_manager,ok,sent
2026-08-31 12:19:49,Almajdouie Logistics,logisticscrm@almajdouie.com,hiring_manager,ok,sent
2026-08-31 12:19:51,LogiPoint,info@LogiPoint.sa,hiring_manager,ok,sent
2026-08-31 12:19:53,Red Sea Gateway Terminal,communication@rsgt.com,hiring_manager,ok,sent
2026-08-31 12:19:55,Saudi Ground Services,PR@saudiags.com,hiring_manager,ok,sent
2026-08-31 12:19:58,Zajil Express,marketing@zajil-express.com,hiring_manager,ok,sent
2026-08-31 12:20:00,SAPTCO,info@saptco.com.sa,hiring_manager,ok,sent
2026-08-31 12:20:02,A.A. Turki Corporation ATCO Group,atcocommercial@atco.com.sa,hiring_manager,ok,sent
2026-08-31 12:20:04,ADES Holding,hr@adesgroup.com,hr_director,ok,sent
2026-08-31 12:20:07,NESR National Energy Services Reunited,info@nesr.com,hiring_manager,ok,sent
2026-08-31 12:20:10,ACWA Power,corporate.communications@acwapower.com,hiring_manager,ok,sent
2026-08-31 12:20:12,National Metal Manufacturing and Casting Co,info@maadaniyah.com,hiring_manager,ok,sent
2026-08-31 12:20:14,Saudi Paper Manufacturing Co,careers@saudipaper.com,hr_director,ok,sent
2026-08-31 12:20:16,Binzagr Company,info@binzagr.com.sa,hiring_manager,ok,sent
2026-08-31 12:20:18,Al Themal Hospital,info@althemal.com.sa,hiring_manager,ok,sent
2026-08-31 12:20:21,Al Ghad International Colleges Abha,abhad@gc.edu.sa,hiring_manager,ok,sent
2026-09-01T10:44:33,Vera Interior,info@verainterior.com,reply_broken_portal,OK,sent
2026-09-01 10:53:51,Asir Coffee Association,info@asir-coffee.org,hiring_manager,ok,sent
2026-09-01 10:53:55,Al Mada Arab Hotel Company,sales@almadahotel.com,hiring_manager,ok,sent
2026-09-01 10:54:00,Horizon Plus Hotel,info@hhpls.com,hiring_manager,ok,sent
2026-09-01 10:54:04,Sarwat Park Hotels,Info@sarwatpark.com,hiring_manager,ok,sent
2026-09-01 10:54:07,Rheb Tourism,info@rheb.sa,hiring_manager,ok,sent
2026-09-01 10:54:12,Saudi German Hospital Aseer,jobs@sghgroup.net,hiring_manager,ok,sent
2026-09-01 10:54:16,Grand Iva Hotel Abha,info@grandivahotelabha.com,hiring_manager,ok,sent
2026-09-01 10:54:21,Al Nomais Medical Complex,info@alnomais.com,hiring_manager,ok,sent
2026-09-01 10:54:25,Smart Clinics,Info@smartclinics.com.sa,hiring_manager,ok,sent
2026-09-01 10:54:29,Al Harkan Medical Complex,info@harkanmc.com.sa,hiring_manager,ok,sent
2026-09-01 10:54:32,SUKNAI Group,info@suknai.com,hiring_manager,ok,sent
2026-09-01 10:54:36,Al Qassim Holding for Investment,info@gih.sa,hiring_manager,ok,sent
2026-09-01 10:54:40,Asir Development Authority,info@asda.gov.sa,hiring_manager,ok,sent
2026-09-01 10:54:44,Onaizah Colleges,oc@oc.edu.sa,hiring_manager,ok,sent
2026-09-02 10:19:11,Shaden Hospitality,info@shadenhospitality.sa,hiring_manager,ok,sent
2026-09-02 10:19:13,Southern Province Cement Company,pr@spcc.com.sa,hiring_manager,ok,sent
2026-09-02 10:19:15,Tabuk Fisheries Co,info@tabuk-fish.com,hiring_manager,ok,sent
2026-09-02 10:19:18,Al Adwani General Hospital,adwanigh@adwanigh.com,hiring_manager,ok,sent
2026-09-02 10:19:20,Radhwa International School,info@radhwa.org,hiring_manager,ok,sent
2026-09-02 10:19:21,Atlas Hail Trading Company,hail@atlashail.com,hiring_manager,ok,sent
2026-09-02 10:19:23,Najran Park,info@najranpark.com,hiring_manager,ok,sent
2026-09-02 10:19:25,Yanbu Aramco Sinopec Refining Company YASREF,info@yasref.com,hiring_manager,ok,sent
2026-09-02 10:19:27,Saudi Aramco Jubail Refinery Company SASREF,P.relations@sasref.com.sa,hiring_manager,ok,sent
2026-09-02 10:19:29,Aslak United Wire Factories,sales@aslak.com.sa,hiring_manager,ok,sent
2026-09-02 10:19:31,Gulf Tubing Company,info@gulf-tubing-company.com,hiring_manager,ok,sent
2026-09-02 10:19:34,Doha Real Estate and Development Co,info@drdc.qa,hiring_manager,ok,sent
2026-09-02 10:19:36,AQAR Real Estate,info@aqar.com.qa,hiring_manager,ok,sent
2026-09-02 10:19:38,Al Mana Real Estate,info.are@almanagroup.com,hiring_manager,ok,sent
