date,company,email,persona,cv,subject,status
2026-05-29,Shaza Al Madina,info@shazahotels.com,hiring_manager,CV-03-Hospitality.pdf,Senior Digital Marketing Manager — interest in Shaza Al Madina,sent
2026-05-29,Almosafer (Seera Group),careers@seera.sa,hr_director,CV-03-Hospitality.pdf,Senior Digital Marketing Manager — interest in Almosafer (Seera Group),sent
2026-05-29,Mawasim (Seera/Almosafer),hr@seera.sa,hr_director,CV-03-Hospitality.pdf,Senior Digital Marketing Manager — interest in Mawasim (Seera/Almosafer),sent
2026-05-29,NEOM,careers@neom.com,hr_director,CV-08-Generic-Senior-Marketing.pdf,Senior Digital Marketing Manager — interest in NEOM,sent
2026-05-29,Red Sea Global,careers@redseaglobal.com,hr_director,CV-08-Generic-Senior-Marketing.pdf,Senior Digital Marketing Manager — interest in Red Sea Global,sent
2026-05-29,Diriyah Gate Development Authority,careers@dgda.gov.sa,hr_director,CV-08-Generic-Senior-Marketing.pdf,Senior Digital Marketing Manager — interest in Diriyah Gate Development Authority,sent
2026-05-29,Riyadh Air,careers@riyadhair.com,hr_director,CV-03-Hospitality.pdf,Senior Digital Marketing Manager — interest in Riyadh Air,sent
2026-05-29,Qiddiya,careers@qiddiya.com,hr_director,CV-08-Generic-Senior-Marketing.pdf,Senior Digital Marketing Manager — interest in Qiddiya,sent
2026-05-29,Saudia Airlines,careers@saudia.com,hr_director,CV-03-Hospitality.pdf,Senior Digital Marketing Manager — interest in Saudia Airlines,sent
2026-05-29,noon,hr@noon.com,hr_director,CV-08-Generic-Senior-Marketing.pdf,Senior Digital Marketing Manager — interest in noon,sent
2026-05-29,Ru'Ya GCC,hello@ruyagcc.com,hiring_manager,CV-08-Generic-Senior-Marketing.pdf,Senior Digital Marketing Manager — interest in Ru'Ya GCC,sent
2026-05-29,SEVEN,careers@seven.sa,hr_director,CV-08-Generic-Senior-Marketing.pdf,Senior Digital Marketing Manager — interest in SEVEN,sent
2026-05-29,Diriyah Company,careers@diriyah.sa,hr_director,CV-08-Generic-Senior-Marketing.pdf,Senior Digital Marketing Manager — interest in Diriyah Company,sent
2026-05-29,Nusuk Platform,info@nusuk.sa,hiring_manager,CV-03-Hospitality.pdf,Senior Digital Marketing Manager — interest in Nusuk Platform,sent
2026-06-05,Mouwasat Medical Services,hr@mouwasat.com,hr_director,CV-08-Generic-Senior-Marketing.pdf,Senior Digital Marketing Manager — interest in Mouwasat Medical Services,sent
2026-06-05,Saudi German Health,careers@saudigerman.com,hr_director,CV-08-Generic-Senior-Marketing.pdf,Senior Digital Marketing Manager — interest in Saudi German Health,sent
2026-06-05,flynas,recruitment@flynas.com,hr_director,CV-03-Hospitality.pdf,Senior Digital Marketing Manager — interest in flynas,sent
2026-06-05,Abdullah Al Othaim Markets,hr@othaimmarkets.com,hr_director,CV-08-Generic-Senior-Marketing.pdf,Senior Digital Marketing Manager — interest in Abdullah Al Othaim Markets,sent
2026-06-11,Sara United Company,mnagah@sara.com.sa,hiring_manager,CV-08-Generic-Senior-Marketing.pdf,Senior Digital Marketing Manager — interest in Sara United Company,sent
2026-06-11,Anjum Hotel Makkah,HR@anjumhotels.com,hr_director,CV-03-Hospitality.pdf,Senior Digital Marketing Manager — interest in Anjum Hotel Makkah,sent
2026-06-28,Elaf Group,career@elafgroup.com,hr_director,CV-03-Hospitality.pdf,Senior Digital Marketing Manager — interest in Elaf Group,sent
2026-06-28,Webedia Arabia,contact@webedia-arabia.com,hiring_manager,CV-08-Generic-Senior-Marketing.pdf,Senior Digital Marketing Manager — interest in Webedia Arabia,sent
2026-06-28,Dar Al Arkan,info@alarkan.com,hiring_manager,CV-08-Generic-Senior-Marketing.pdf,Senior Digital Marketing Manager — interest in Dar Al Arkan,sent
2026-06-28,The Social Clinic,info@socialclinic.sa,hiring_manager,CV-08-Generic-Senior-Marketing.pdf,Senior Digital Marketing Manager — interest in The Social Clinic,sent
2026-06-28,Robert Walters Middle East,saudi@robertwalters.com,hiring_manager,CV-08-Generic-Senior-Marketing.pdf,Senior Digital Marketing Manager — interest in Robert Walters Middle East,sent
2026-06-28,Charterhouse Middle East,info@charterhouse.ae,hiring_manager,CV-08-Generic-Senior-Marketing.pdf,Senior Digital Marketing Manager — interest in Charterhouse Middle East,sent
2026-06-28,Marc Ellis,enquiry@marc-ellis.com,hiring_manager,CV-08-Generic-Senior-Marketing.pdf,Senior Digital Marketing Manager — interest in Marc Ellis,sent
2026-06-28,Kershaw Leonard,mike@kershawleonard.net,hiring_manager,CV-08-Generic-Senior-Marketing.pdf,Senior Digital Marketing Manager — interest in Kershaw Leonard,sent
2026-07-08,Prezlab,Careers@prezlab.com,hr_director,CV-08-Generic-Senior-Marketing.pdf,Senior Digital Marketing Manager — interest in Prezlab,sent
2026-07-08,Fullstop Advertising,hireme@fullstop.sa,hiring_manager,CV-08-Generic-Senior-Marketing.pdf,Senior Digital Marketing Manager — interest in Fullstop Advertising,sent
2026-07-08,Brand Lounge,info@brandloungeme.com,hiring_manager,CV-08-Generic-Senior-Marketing.pdf,Senior Digital Marketing Manager — interest in Brand Lounge,sent
2026-07-08,Bassmat Digital Agency,hi@bassmat.com,hiring_manager,CV-08-Generic-Senior-Marketing.pdf,Senior Digital Marketing Manager — interest in Bassmat Digital Agency,sent
2026-07-08,CreativeBlend,hr@creativeblend.com.sa,hr_director,CV-08-Generic-Senior-Marketing.pdf,Senior Digital Marketing Manager — interest in CreativeBlend,sent
2026-07-08,PENCIL,hello@pencil.sa,hiring_manager,CV-08-Generic-Senior-Marketing.pdf,Senior Digital Marketing Manager — interest in PENCIL,sent
2026-07-08,Global Digital Creative (GDC),sales@gdc-graphics.com,hiring_manager,CV-08-Generic-Senior-Marketing.pdf,Senior Digital Marketing Manager — interest in Global Digital Creative (GDC),sent
2026-07-08,Digital Wasfa,info@digitalwasfa.com,hiring_manager,CV-08-Generic-Senior-Marketing.pdf,Senior Digital Marketing Manager — interest in Digital Wasfa,sent
2026-07-08,Red Impact (Redimpact Arabia),info@redimpactarabia.com,hiring_manager,CV-08-Generic-Senior-Marketing.pdf,Senior Digital Marketing Manager — interest in Red Impact (Redimpact Arabia),sent
2026-07-08,MAZ NEXA,support@maznexa.sa,hiring_manager,CV-08-Generic-Senior-Marketing.pdf,Senior Digital Marketing Manager — interest in MAZ NEXA,sent
2026-07-08,RAM,hello@ram.sa,hiring_manager,CV-08-Generic-Senior-Marketing.pdf,Senior Digital Marketing Manager — interest in RAM,sent
2026-07-08,Millimeter Creative Agency,hello@millimeter.agency,hiring_manager,CV-08-Generic-Senior-Marketing.pdf,Senior Digital Marketing Manager — interest in Millimeter Creative Agency,sent
2026-07-08,WCM Agency,hello@wcmagency.com,hiring_manager,CV-08-Generic-Senior-Marketing.pdf,Senior Digital Marketing Manager — interest in WCM Agency,sent
2026-07-08,Digital World Advertising Agency,info@digitalworldagency.net,hiring_manager,CV-08-Generic-Senior-Marketing.pdf,Senior Digital Marketing Manager — interest in Digital World Advertising Agency,sent
2026-07-08,Data Wide,info@data-wide.com,hiring_manager,CV-08-Generic-Senior-Marketing.pdf,Senior Digital Marketing Manager — interest in Data Wide,sent
2026-07-08,Braira Hotels & Resorts,info@brairahotels.com,hiring_manager,CV-03-Hospitality.pdf,Senior Digital Marketing Manager — interest in Braira Hotels & Resorts,sent
2026-07-08,The Venue Jeddah Corniche,hr@the-venue.com,hr_director,CV-03-Hospitality.pdf,Senior Digital Marketing Manager — interest in The Venue Jeddah Corniche,sent
2026-07-09,Habitat Hotel All Suites,hrd@habitathotel.com.sa,hr_director,CV-03-Hospitality.pdf,Senior Digital Marketing Manager — interest in Habitat Hotel All Suites,sent
2026-07-09,Maden Hotels,info@madenhotels.com,hiring_manager,CV-03-Hospitality.pdf,Senior Digital Marketing Manager — interest in Maden Hotels,sent
2026-07-09,Ruve Hotel Jeddah,rsvn@ruvejeddah.com,hiring_manager,CV-03-Hospitality.pdf,Senior Digital Marketing Manager — interest in Ruve Hotel Jeddah,sent
2026-07-09,Emaar Elite Hotels,sales@emaarelite.com,hiring_manager,CV-03-Hospitality.pdf,Senior Digital Marketing Manager — interest in Emaar Elite Hotels,sent
2026-07-09,Al Kiswah Towers Hotel,Alkiswahdh@gmail.com,hiring_manager,CV-03-Hospitality.pdf,Senior Digital Marketing Manager — interest in Al Kiswah Towers Hotel,sent
2026-07-09,Retaj Hotels & Hospitality,info@retaj-hotels.com,hiring_manager,CV-03-Hospitality.pdf,Senior Digital Marketing Manager — interest in Retaj Hotels & Hospitality,sent
2026-07-09,Swiss International Hotels & Resorts,info@swissinternationalhotels.com,hiring_manager,CV-03-Hospitality.pdf,Senior Digital Marketing Manager — interest in Swiss International Hotels & Resorts,sent
2026-07-09,Swiss Hospitality Company,info@swisshospitality.sa,hiring_manager,CV-03-Hospitality.pdf,Senior Digital Marketing Manager — interest in Swiss Hospitality Company,sent
2026-07-09,Danah United Real Estate (Al Rashid Mall),Hr@danah.com.sa,hr_director,CV-08-Generic-Senior-Marketing.pdf,Senior Digital Marketing Manager — interest in Danah United Real Estate (Al Rashid Mall),sent
2026-07-09,Al Othaim Malls (Abdullah Al Othaim Investment),info@othaimmalls.com,hiring_manager,CV-08-Generic-Senior-Marketing.pdf,Senior Digital Marketing Manager — interest in Al Othaim Malls (Abdullah Al Othaim Investment),sent
2026-07-09,Al Othaim Investment Company,info@alothaiminvestment.com,hiring_manager,CV-08-Generic-Senior-Marketing.pdf,Senior Digital Marketing Manager — interest in Al Othaim Investment Company,sent
2026-07-09,Alandalus Property Company,mail@alandalus.com.sa,hiring_manager,CV-08-Generic-Senior-Marketing.pdf,Senior Digital Marketing Manager — interest in Alandalus Property Company,sent
2026-07-09,Cenomi Centers (Arabian Centres),cenomi@cenomicenters.com,hiring_manager,CV-08-Generic-Senior-Marketing.pdf,Senior Digital Marketing Manager — interest in Cenomi Centers (Arabian Centres),sent
2026-07-09,Fitaihi Holding Group,sh@fitaihi.com.sa,hiring_manager,CV-08-Generic-Senior-Marketing.pdf,Senior Digital Marketing Manager — interest in Fitaihi Holding Group,sent
2026-07-09,Heraa Mall,info@heraa-mall.com,hiring_manager,CV-08-Generic-Senior-Marketing.pdf,Senior Digital Marketing Manager — interest in Heraa Mall,sent
2026-07-09,Saudi Real Estate Company (Al Akaria),info@al-akaria.com,hiring_manager,CV-08-Generic-Senior-Marketing.pdf,Senior Digital Marketing Manager — interest in Saudi Real Estate Company (Al Akaria),sent
2026-07-09,Hamat Property Company (Panorama Mall),crm@hamat.sa,hiring_manager,CV-08-Generic-Senior-Marketing.pdf,Senior Digital Marketing Manager — interest in Hamat Property Company (Panorama Mall),sent
2026-07-10,SEDCO Holding (SEDCO Development),info@sedco.com,hiring_manager,CV-08-Generic-Senior-Marketing.pdf,Senior Digital Marketing Manager — interest in SEDCO Holding (SEDCO Development),sent
2026-07-10,Jabal Omar Development Company,support@jabalomar.com.sa,hiring_manager,CV-08-Generic-Senior-Marketing.pdf,Senior Digital Marketing Manager — interest in Jabal Omar Development Company,sent
2026-07-10,Makkah Construction & Development Company (MCDC),info@mcdc.com.sa,hiring_manager,CV-08-Generic-Senior-Marketing.pdf,Senior Digital Marketing Manager — interest in Makkah Construction & Development Company (MCDC),sent
2026-07-10,Dar Al Omran,dao-saudia@daralomran.com.sa,hiring_manager,CV-08-Generic-Senior-Marketing.pdf,Senior Digital Marketing Manager — interest in Dar Al Omran,sent
2026-07-10,SEDCO Capital,info@sedcocapital.com,hiring_manager,CV-08-Generic-Senior-Marketing.pdf,Senior Digital Marketing Manager — interest in SEDCO Capital,sent
2026-07-10,Almana Group of Hospitals,career@almanahospital.com.sa,hr_director,CV-08-Generic-Senior-Marketing.pdf,Senior Digital Marketing Manager — interest in Almana Group of Hospitals,sent
2026-07-10,Dr. Samir Abbas Hospital,careers@dsah.sa,hr_director,CV-08-Generic-Senior-Marketing.pdf,Senior Digital Marketing Manager — interest in Dr. Samir Abbas Hospital,sent
2026-07-10,Beech Hall School Riyadh,hr@beechhallschoolriyadh.com,hr_director,CV-08-Generic-Senior-Marketing.pdf,Senior Digital Marketing Manager — interest in Beech Hall School Riyadh,sent
2026-07-10,GEMS American International School Riyadh (SEP-KSA),Recruitment@sep-ksa.com,hr_director,CV-08-Generic-Senior-Marketing.pdf,Senior Digital Marketing Manager — interest in GEMS American International School Riyadh (SEP-KSA),sent
2026-07-10,Downe House Riyadh,careers@downehouseriyadh.com,hr_director,CV-08-Generic-Senior-Marketing.pdf,Senior Digital Marketing Manager — interest in Downe House Riyadh,sent
2026-07-10,American International School Riyadh (AISR),join_us@aisr.org,hiring_manager,CV-08-Generic-Senior-Marketing.pdf,Senior Digital Marketing Manager — interest in American International School Riyadh (AISR),sent
2026-07-10,Dar Al Hekma University,jobs@dah.edu.sa,hiring_manager,CV-08-Generic-Senior-Marketing.pdf,Senior Digital Marketing Manager — interest in Dar Al Hekma University,sent
2026-07-10,Jeddah Knowledge International School (JKS),jksinfo@jks.edu.sa,hiring_manager,CV-08-Generic-Senior-Marketing.pdf,Senior Digital Marketing Manager — interest in Jeddah Knowledge International School (JKS),sent
2026-07-10,Al Salama Hospital,info@alsalamahospital.com,hiring_manager,CV-08-Generic-Senior-Marketing.pdf,Senior Digital Marketing Manager — interest in Al Salama Hospital,sent
2026-07-10,International Gulf Medical Clinics (IGMC),info@igmc.io,hiring_manager,CV-08-Generic-Senior-Marketing.pdf,Senior Digital Marketing Manager — interest in International Gulf Medical Clinics (IGMC),sent
2026-07-10,Eventana,info@eventana.net,hiring_manager,CV-08-Generic-Senior-Marketing.pdf,Senior Digital Marketing Manager — interest in Eventana,sent
2026-07-10,Shine Event Staffing,hello@letsshineksa.com,hiring_manager,CV-08-Generic-Senior-Marketing.pdf,Senior Digital Marketing Manager — interest in Shine Event Staffing,sent
2026-07-11,Relia (Al Quraishi Marketing),careers@relia-me.com,hr_director,CV-08-Generic-Senior-Marketing.pdf,Senior Digital Marketing Manager — interest in Relia (Al Quraishi Marketing),sent
2026-07-11,Blink Experience,info@blinkexperience.com,hiring_manager,CV-08-Generic-Senior-Marketing.pdf,Senior Digital Marketing Manager — interest in Blink Experience,sent
2026-07-11,Entourage Marketing & Events,info@entourageintl.com,hiring_manager,CV-08-Generic-Senior-Marketing.pdf,Senior Digital Marketing Manager — interest in Entourage Marketing & Events,sent
2026-07-11,Focal Point (FP Group),info@focalpoint.group,hiring_manager,CV-08-Generic-Senior-Marketing.pdf,Senior Digital Marketing Manager — interest in Focal Point (FP Group),sent
2026-07-11,Benchmark,info@benchmarkksa.com,hiring_manager,CV-08-Generic-Senior-Marketing.pdf,Senior Digital Marketing Manager — interest in Benchmark,sent
2026-07-11,Halwani Bros,info@halwani.com.sa,hiring_manager,CV-08-Generic-Senior-Marketing.pdf,Senior Digital Marketing Manager — interest in Halwani Bros,sent
2026-07-11,Etihad Golden Falcons,sales@etihad-gf.com,hiring_manager,CV-08-Generic-Senior-Marketing.pdf,Senior Digital Marketing Manager — interest in Etihad Golden Falcons,sent
2026-07-11,eDirect,info@edirect.sa,hiring_manager,CV-08-Generic-Senior-Marketing.pdf,Senior Digital Marketing Manager — interest in eDirect,sent
2026-07-11,Rafal Advertising,info@rafal-adv.com,hiring_manager,CV-08-Generic-Senior-Marketing.pdf,Senior Digital Marketing Manager — interest in Rafal Advertising,sent
2026-07-11,Cross Arabia,HR@crossarabia.com,hr_director,CV-08-Generic-Senior-Marketing.pdf,Senior Digital Marketing Manager — interest in Cross Arabia,sent
2026-07-12,PayTabs,hrdept@paytabs.com,hr_director,CV-08-Generic-Senior-Marketing.pdf,Senior Digital Marketing Manager — interest in PayTabs,sent
2026-07-12,Innosoft,jobs@innosoft.sa,hiring_manager,CV-08-Generic-Senior-Marketing.pdf,Senior Digital Marketing Manager — interest in Innosoft,sent
2026-07-12,Geidea,contacts@geidea.net,hiring_manager,CV-08-Generic-Senior-Marketing.pdf,Senior Digital Marketing Manager — interest in Geidea,sent
2026-07-12,Lendo,support@lendo.sa,hiring_manager,CV-08-Generic-Senior-Marketing.pdf,Senior Digital Marketing Manager — interest in Lendo,sent
2026-07-12,Foodics,info@foodics.com,hiring_manager,CV-08-Generic-Senior-Marketing.pdf,Senior Digital Marketing Manager — interest in Foodics,sent
2026-07-12,Mozn,info@mozn.ai,hiring_manager,CV-08-Generic-Senior-Marketing.pdf,Senior Digital Marketing Manager — interest in Mozn,sent
2026-07-12,Moyasar,info@moyasar.com,hiring_manager,CV-08-Generic-Senior-Marketing.pdf,Senior Digital Marketing Manager — interest in Moyasar,sent
2026-07-12,Drahim,contact@drahim.sa,hiring_manager,CV-08-Generic-Senior-Marketing.pdf,Senior Digital Marketing Manager — interest in Drahim,sent
2026-07-12,Penny Software,info@penny.co,hiring_manager,CV-08-Generic-Senior-Marketing.pdf,Senior Digital Marketing Manager — interest in Penny Software,sent
2026-07-12,Alraedah Digital Solutions,care@alraedah.sa,hiring_manager,CV-08-Generic-Senior-Marketing.pdf,Senior Digital Marketing Manager — interest in Alraedah Digital Solutions,sent
2026-07-12,Funding Souq,support@fundingsouq.com,hiring_manager,CV-08-Generic-Senior-Marketing.pdf,Senior Digital Marketing Manager — interest in Funding Souq,sent
2026-07-12,Salasa,info@salasa.co,hiring_manager,CV-08-Generic-Senior-Marketing.pdf,Senior Digital Marketing Manager — interest in Salasa,sent
2026-07-12,Ejada Systems,info@ejada.com,hiring_manager,CV-08-Generic-Senior-Marketing.pdf,Senior Digital Marketing Manager — interest in Ejada Systems,sent
2026-07-12,Al Moammar Information Systems (MIS),info@mis.com.sa,hiring_manager,CV-08-Generic-Senior-Marketing.pdf,Senior Digital Marketing Manager — interest in Al Moammar Information Systems (MIS),sent
2026-07-12,Naseej,info@naseej.com,hiring_manager,CV-08-Generic-Senior-Marketing.pdf,Senior Digital Marketing Manager — interest in Naseej,sent
2026-07-12,HyperPay,bd@hyperpay.com,hiring_manager,CV-08-Generic-Senior-Marketing.pdf,Senior Digital Marketing Manager — interest in HyperPay,sent
2026-07-12,Herfy Food Services Co.,job@herfy.com,hiring_manager,CV-08-Generic-Senior-Marketing.pdf,Senior Digital Marketing Manager — interest in Herfy Food Services Co.,sent
2026-07-13,Maestro Pizza (Daily Food Co.),recruitment@dailyfoodsa.com,hr_director,CV-08-Generic-Senior-Marketing.pdf,Senior Digital Marketing Manager — interest in Maestro Pizza (Daily Food Co.),sent
2026-07-13,Shahia Food Ltd. (Dunkin' Donuts KSA franchisee),careers@dunkindonuts.sa,hr_director,CV-08-Generic-Senior-Marketing.pdf,Senior Digital Marketing Manager — interest in Shahia Food Ltd. (Dunkin' Donuts KSA franchisee),sent
2026-07-13,Arby's KSA (Shahia Food Ltd.),careers@arbysksa.com,hr_director,CV-08-Generic-Senior-Marketing.pdf,Senior Digital Marketing Manager — interest in Arby's KSA (Shahia Food Ltd.),sent
2026-07-13,Alamar Foods (Domino's Pizza MENAP),info@alamar.com,hiring_manager,CV-08-Generic-Senior-Marketing.pdf,Senior Digital Marketing Manager — interest in Alamar Foods (Domino's Pizza MENAP),sent
2026-07-13,Sunbulah Group,info@sunbulahgroup.com,hiring_manager,CV-08-Generic-Senior-Marketing.pdf,Senior Digital Marketing Manager — interest in Sunbulah Group,sent
2026-07-13,Half Million Coffee,customercare@halfm.sa,hiring_manager,CV-08-Generic-Senior-Marketing.pdf,Senior Digital Marketing Manager — interest in Half Million Coffee,sent
2026-07-13,Diyafa Saudi Hospitality Company (catering),info@diyafa.com.sa,hiring_manager,CV-03-Hospitality.pdf,Senior Digital Marketing Manager — interest in Diyafa Saudi Hospitality Company (catering),sent
2026-07-13,Tamimi Global Co. (TAFGA),info@tamimiglobal.com,hiring_manager,CV-03-Hospitality.pdf,Senior Digital Marketing Manager — interest in Tamimi Global Co. (TAFGA),sent
2026-07-13,Naqel Express,Saudi.jobs@naqel.com.sa,hiring_manager,CV-08-Generic-Senior-Marketing.pdf,Senior Digital Marketing Manager — interest in Naqel Express,sent
2026-07-13,Four Winds Saudi Arabia (Logistics),career@fourwinds-ksa.com,hr_director,CV-08-Generic-Senior-Marketing.pdf,Senior Digital Marketing Manager — interest in Four Winds Saudi Arabia (Logistics),sent
2026-07-13,Budget Saudi Arabia (United International Transportation Co.),jobs@budgetsaudi.com,hiring_manager,CV-08-Generic-Senior-Marketing.pdf,Senior Digital Marketing Manager — interest in Budget Saudi Arabia (United International Transportation Co.),sent
2026-07-13,Aljomaih Automotive Company (General Motors distributor),careers@aljomaihauto.com,hr_director,CV-08-Generic-Senior-Marketing.pdf,Senior Digital Marketing Manager — interest in Aljomaih Automotive Company (General Motors distributor),sent
2026-07-13,Namma Cargo Services,namma@nammacargo.com,hiring_manager,CV-08-Generic-Senior-Marketing.pdf,Senior Digital Marketing Manager — interest in Namma Cargo Services,sent
2026-07-13,"Kia Aljabr (Aljabr Trading Co., Kia distributor)",info@aljabr.com.sa,hiring_manager,CV-08-Generic-Senior-Marketing.pdf,"Senior Digital Marketing Manager — interest in Kia Aljabr (Aljabr Trading Co., Kia distributor)",sent
2026-07-13,Petromin Corporation,info@petromin.com,hiring_manager,CV-08-Generic-Senior-Marketing.pdf,Senior Digital Marketing Manager — interest in Petromin Corporation,sent
2026-07-13,Al-Khaldi Logistics (Al-Khaldi Holding),info@al-khaldi.com.sa,hiring_manager,CV-08-Generic-Senior-Marketing.pdf,Senior Digital Marketing Manager — interest in Al-Khaldi Logistics (Al-Khaldi Holding),sent
2026-07-13,Attar Travel,info@attartravel.com,hiring_manager,CV-03-Hospitality.pdf,Senior Digital Marketing Manager — interest in Attar Travel,sent
2026-07-14,Fursan Travel & Tourism,contactus@fursan.com.sa,hiring_manager,CV-03-Hospitality.pdf,Senior Digital Marketing Manager — interest in Fursan Travel & Tourism,sent
2026-07-14,Al Shallal Theme Park,careers@alshallal.com.sa,hr_director,CV-03-Hospitality.pdf,Senior Digital Marketing Manager — interest in Al Shallal Theme Park,sent
2026-07-14,"Tarfeeh Fakieh (Fakieh Aquarium, Al Nawras, Sail Island)",info@tarfeehfakieh.com,hiring_manager,CV-03-Hospitality.pdf,"Senior Digital Marketing Manager — interest in Tarfeeh Fakieh (Fakieh Aquarium, Al Nawras, Sail Island)",sent
2026-07-14,Rawaf Mina for Hajj Services,pmo@rawafmina.sa,hiring_manager,CV-03-Hospitality.pdf,Senior Digital Marketing Manager — interest in Rawaf Mina for Hajj Services,sent
2026-07-14,MaqamUmrah (B2B Umrah hotel & tour operator),info@maqamumrah.com,hiring_manager,CV-03-Hospitality.pdf,Senior Digital Marketing Manager — interest in MaqamUmrah (B2B Umrah hotel & tour operator),sent
2026-07-14,Discover Saudi DMC (Almosafer / Seera Group),info@discoversaudi.sa,hiring_manager,CV-03-Hospitality.pdf,Senior Digital Marketing Manager — interest in Discover Saudi DMC (Almosafer / Seera Group),sent
2026-07-14,Husaak Adventures (The Outpost AlUla & Tanomah),saudi@husaak.com,hiring_manager,CV-03-Hospitality.pdf,Senior Digital Marketing Manager — interest in Husaak Adventures (The Outpost AlUla & Tanomah),sent
2026-07-14,88 Destinations (El Makkan for Travel and Tours),info@88destinations.com,hiring_manager,CV-03-Hospitality.pdf,Senior Digital Marketing Manager — interest in 88 Destinations (El Makkan for Travel and Tours),sent
2026-07-14,Saudi Arabia Tours,saudiarabiatours.net@gmail.com,hiring_manager,CV-03-Hospitality.pdf,Senior Digital Marketing Manager — interest in Saudi Arabia Tours,sent
2026-07-14,Easy Access AlUla (Al-Wassal Al-Mashal Commercial),booking@easyaccessllc.com,hiring_manager,CV-03-Hospitality.pdf,Senior Digital Marketing Manager — interest in Easy Access AlUla (Al-Wassal Al-Mashal Commercial),sent
2026-07-14,PinkStone Travel Saudi,info@pinkstonetravelsaudi.com,hiring_manager,CV-03-Hospitality.pdf,Senior Digital Marketing Manager — interest in PinkStone Travel Saudi,sent
2026-07-14,Zahid Travel Group (Go Zahid inbound DMC),gozahid@zahidtravel.com,hiring_manager,CV-03-Hospitality.pdf,Senior Digital Marketing Manager — interest in Zahid Travel Group (Go Zahid inbound DMC),sent
2026-07-14,AlUla Guide,sales@alula-guide.com,hiring_manager,CV-03-Hospitality.pdf,Senior Digital Marketing Manager — interest in AlUla Guide,sent
2026-07-14,Saudi Discovery (DMC Arabia network),inquiries@saudidiscovery.com,hiring_manager,CV-03-Hospitality.pdf,Senior Digital Marketing Manager — interest in Saudi Discovery (DMC Arabia network),sent
2026-07-14,EXO Travel Saudi Arabia,saudi@exotravel.com,hiring_manager,CV-03-Hospitality.pdf,Senior Digital Marketing Manager — interest in EXO Travel Saudi Arabia,sent
2026-07-14,Tetrapylon Saudi Arabia,saudi@tetrapylon.com,hiring_manager,CV-03-Hospitality.pdf,Senior Digital Marketing Manager — interest in Tetrapylon Saudi Arabia,sent
2026-07-14,AlFares International Tours,h.nawar@alfaristours.com,hiring_manager,CV-03-Hospitality.pdf,Senior Digital Marketing Manager — interest in AlFares International Tours,sent
2026-07-15,Athaar Arabia,imad.sulaiman@athaararabia.com,hiring_manager,CV-03-Hospitality.pdf,Senior Digital Marketing Manager — interest in Athaar Arabia,sent
2026-07-15,UTA Saudi Arabia (Universal Travel Agency),mahmoud.salameh@uta.com.sa,hiring_manager,CV-03-Hospitality.pdf,Senior Digital Marketing Manager — interest in UTA Saudi Arabia (Universal Travel Agency),sent
2026-07-15,Tamimi ATS (Al-Tamimi Group),recruitment.ats@al-tamimi.com,hr_director,CV-08-Generic-Senior-Marketing.pdf,Senior Digital Marketing Manager — interest in Tamimi ATS (Al-Tamimi Group),sent
2026-07-15,GO Telecom (Etihad Atheeb Telecom),al.alnajjar@go.com.sa,hiring_manager,CV-08-Generic-Senior-Marketing.pdf,Senior Digital Marketing Manager — interest in GO Telecom (Etihad Atheeb Telecom),sent
2026-07-15,Abdulmohsen Al-Tamimi Group,info@tamimi.sa,hiring_manager,CV-08-Generic-Senior-Marketing.pdf,Senior Digital Marketing Manager — interest in Abdulmohsen Al-Tamimi Group,sent
2026-07-15,Alesayi Holding,info@alesayi.com,hiring_manager,CV-08-Generic-Senior-Marketing.pdf,Senior Digital Marketing Manager — interest in Alesayi Holding,sent
2026-07-15,Al Muhaidib Group,info@almuhaidib.com,hiring_manager,CV-08-Generic-Senior-Marketing.pdf,Senior Digital Marketing Manager — interest in Al Muhaidib Group,sent
2026-07-15,AlBawani Holding,info@albawani.net,hiring_manager,CV-08-Generic-Senior-Marketing.pdf,Senior Digital Marketing Manager — interest in AlBawani Holding,sent
2026-07-15,Xenel Industries,communications@xenel.com,hiring_manager,CV-08-Generic-Senior-Marketing.pdf,Senior Digital Marketing Manager — interest in Xenel Industries,sent
2026-07-15,IKK Group (Isam Khairi Kabbani),info@ikkgroup.com,hiring_manager,CV-08-Generic-Senior-Marketing.pdf,Senior Digital Marketing Manager — interest in IKK Group (Isam Khairi Kabbani),sent
2026-07-15,Alfozan Holding,info@alfozan.com,hiring_manager,CV-08-Generic-Senior-Marketing.pdf,Senior Digital Marketing Manager — interest in Alfozan Holding,sent
2026-07-15,Watania Steel,info@wataniasteel.com,hiring_manager,CV-08-Generic-Senior-Marketing.pdf,Senior Digital Marketing Manager — interest in Watania Steel,sent
2026-07-15,Nesma & Partners,communications@nesmapartners.com,hiring_manager,CV-08-Generic-Senior-Marketing.pdf,Senior Digital Marketing Manager — interest in Nesma & Partners,sent
2026-07-16,Telfaz11,info@telfaz11.com,hiring_manager,CV-08-Generic-Senior-Marketing.pdf,Senior Digital Marketing Manager — interest in Telfaz11,sent
2026-07-16,AFLAM Productions,epic@aflamproductions.com,hiring_manager,CV-08-Generic-Senior-Marketing.pdf,Senior Digital Marketing Manager — interest in AFLAM Productions,sent
2026-07-16,TRACCS,faisal.alabdali@traccs.net,hiring_manager,CV-08-Generic-Senior-Marketing.pdf,Senior Digital Marketing Manager — interest in TRACCS,sent
2026-07-16,W7Worldwide,info@w7worldwide.com,hiring_manager,CV-08-Generic-Senior-Marketing.pdf,Senior Digital Marketing Manager — interest in W7Worldwide,sent
2026-07-16,MPR (Middle East Public Relations),business@mpr.com.sa,hiring_manager,CV-08-Generic-Senior-Marketing.pdf,Senior Digital Marketing Manager — interest in MPR (Middle East Public Relations),sent
2026-07-16,Jummar PR,amr@jummar.co,hiring_manager,CV-08-Generic-Senior-Marketing.pdf,Senior Digital Marketing Manager — interest in Jummar PR,sent
2026-07-16,PR Arabia,contact@prarabia.me,hiring_manager,CV-08-Generic-Senior-Marketing.pdf,Senior Digital Marketing Manager — interest in PR Arabia,sent
2026-07-16,Riyadh Exhibitions Company (REC),info@recexpo.com,hiring_manager,CV-08-Generic-Senior-Marketing.pdf,Senior Digital Marketing Manager — interest in Riyadh Exhibitions Company (REC),sent
2026-07-16,1st Arabia Tradeshows & Conferences,info@1starabia.com,hiring_manager,CV-08-Generic-Senior-Marketing.pdf,Senior Digital Marketing Manager — interest in 1st Arabia Tradeshows & Conferences,sent
2026-07-16,Al-Harithy Company for Exhibitions (ACE),ace@acexpos.com,hiring_manager,CV-08-Generic-Senior-Marketing.pdf,Senior Digital Marketing Manager — interest in Al-Harithy Company for Exhibitions (ACE),sent
2026-07-16,Dhahran Expo (DIEC),info@diec.com.sa,hiring_manager,CV-08-Generic-Senior-Marketing.pdf,Senior Digital Marketing Manager — interest in Dhahran Expo (DIEC),sent
2026-07-16,Exhibition Services (Al Smari Group),sales@exhibitionservices.net,hiring_manager,CV-08-Generic-Senior-Marketing.pdf,Senior Digital Marketing Manager — interest in Exhibition Services (Al Smari Group),sent
2026-07-16,Prolines,info@prolines.sa,hiring_manager,CV-08-Generic-Senior-Marketing.pdf,Senior Digital Marketing Manager — interest in Prolines,sent
2026-07-16,Eventfull,info@eventfull.sa,hiring_manager,CV-08-Generic-Senior-Marketing.pdf,Senior Digital Marketing Manager — interest in Eventfull,sent
2026-07-16,EVEX,info@evex.sa,hiring_manager,CV-08-Generic-Senior-Marketing.pdf,Senior Digital Marketing Manager — interest in EVEX,sent
2026-07-16,Saudi Event Management,infosaudieventmanagement@gmail.com,hiring_manager,CV-08-Generic-Senior-Marketing.pdf,Senior Digital Marketing Manager — interest in Saudi Event Management,sent
2026-07-16,Andalusia Group (Hospitals & Clinics),alw-jobs@andalusiagroup.net,hiring_manager,CV-08-Generic-Senior-Marketing.pdf,Senior Digital Marketing Manager — interest in Andalusia Group (Hospitals & Clinics),sent
2026-07-17,United Pharmacy,hr@unitedpharmacy.sa,hr_director,CV-08-Generic-Senior-Marketing.pdf,Senior Digital Marketing Manager — interest in United Pharmacy,sent
2026-07-17,Stars Smile Dental Clinics,Jobs@starssmile.com.sa,hiring_manager,CV-08-Generic-Senior-Marketing.pdf,Senior Digital Marketing Manager — interest in Stars Smile Dental Clinics,sent
2026-07-17,Enfield Royal Saudia (aesthetic clinic),info@enfieldroyalsaudia.com,hiring_manager,CV-08-Generic-Senior-Marketing.pdf,Senior Digital Marketing Manager — interest in Enfield Royal Saudia (aesthetic clinic),sent
2026-07-17,The First Clinic,info@tfc.sa,hiring_manager,CV-08-Generic-Senior-Marketing.pdf,Senior Digital Marketing Manager — interest in The First Clinic,sent
2026-07-17,Arabian Oud,recruitment@arabianoud.com,hr_director,CV-08-Generic-Senior-Marketing.pdf,Senior Digital Marketing Manager — interest in Arabian Oud,sent
2026-07-17,Nutrition & Diet Center (NDC),careers@dietcenter.com.sa,hr_director,CV-08-Generic-Senior-Marketing.pdf,Senior Digital Marketing Manager — interest in Nutrition & Diet Center (NDC),sent
2026-07-17,Fitness First KSA (Landmark Arabia),FF.HR@fitnessfirst-me.com,hr_director,CV-08-Generic-Senior-Marketing.pdf,Senior Digital Marketing Manager — interest in Fitness First KSA (Landmark Arabia),sent
2026-07-17,"Whites (Global Health Care Co. / GHC, also Kunooz Pharmacies)",jobs@ghc.com.sa,hiring_manager,CV-08-Generic-Senior-Marketing.pdf,"Senior Digital Marketing Manager — interest in Whites (Global Health Care Co. / GHC, also Kunooz Pharmacies)",sent
2026-07-17,Jamjoom Pharma,info@jamjoompharma.com,hiring_manager,CV-08-Generic-Senior-Marketing.pdf,Senior Digital Marketing Manager — interest in Jamjoom Pharma,sent
2026-07-17,Body Masters,corporate@bodymasters.com.sa,hiring_manager,CV-08-Generic-Senior-Marketing.pdf,Senior Digital Marketing Manager — interest in Body Masters,sent
2026-07-17,BEC Arabia,info@becarabia.com,hiring_manager,CV-08-Generic-Senior-Marketing.pdf,Senior Digital Marketing Manager — interest in BEC Arabia,sent
2026-07-17,RTCC (Al Rashid Trading & Contracting Co.),info@rtcc.com.sa,hiring_manager,CV-08-Generic-Senior-Marketing.pdf,Senior Digital Marketing Manager — interest in RTCC (Al Rashid Trading & Contracting Co.),sent
2026-07-17,Azad Properties,info@azad.com.sa,hiring_manager,CV-08-Generic-Senior-Marketing.pdf,Senior Digital Marketing Manager — interest in Azad Properties,sent
2026-07-17,Jabal Omar Development Company (JODC),info@jodc.com.sa,hiring_manager,CV-08-Generic-Senior-Marketing.pdf,Senior Digital Marketing Manager — interest in Jabal Omar Development Company (JODC),sent
2026-07-17,Rafal Real Estate Development,info@rafal.com.sa,hiring_manager,CV-08-Generic-Senior-Marketing.pdf,Senior Digital Marketing Manager — interest in Rafal Real Estate Development,sent
2026-07-17,Jenan Real Estate Company,info@jenan.com.sa,hiring_manager,CV-08-Generic-Senior-Marketing.pdf,Senior Digital Marketing Manager — interest in Jenan Real Estate Company,sent
2026-07-17,IFAS (Integrated Facility & Asset Services),info@ifas-ksa.com,hiring_manager,CV-08-Generic-Senior-Marketing.pdf,Senior Digital Marketing Manager — interest in IFAS (Integrated Facility & Asset Services),sent
2026-07-18,Zahran Holding (Zahran Operation & Maintenance),jobs@zahrang.com,hiring_manager,CV-08-Generic-Senior-Marketing.pdf,Senior Digital Marketing Manager — interest in Zahran Holding (Zahran Operation & Maintenance),sent
2026-07-18,Muheel Services,recruitment@muheel.com,hr_director,CV-08-Generic-Senior-Marketing.pdf,Senior Digital Marketing Manager — interest in Muheel Services,sent
2026-07-18,Al Hajry Overseas,info@alhajry-overseas.com.sa,hiring_manager,CV-08-Generic-Senior-Marketing.pdf,Senior Digital Marketing Manager — interest in Al Hajry Overseas,sent
2026-07-18,SIYANCO (Saudi Maintenance Company),info@siyanco.com,hiring_manager,CV-08-Generic-Senior-Marketing.pdf,Senior Digital Marketing Manager — interest in SIYANCO (Saudi Maintenance Company),sent
2026-07-18,Rize (Al-Alou Financial Company),support@rize.sa,hiring_manager,CV-08-Generic-Senior-Marketing.pdf,Senior Digital Marketing Manager — interest in Rize (Al-Alou Financial Company),sent
2026-07-18,Darent,info@darent.com,hiring_manager,CV-08-Generic-Senior-Marketing.pdf,Senior Digital Marketing Manager — interest in Darent,sent
2026-07-18,Riyadh Food Industries Co. (Riyadh Foods),info@riyadhfoods.com,hiring_manager,CV-08-Generic-Senior-Marketing.pdf,Senior Digital Marketing Manager — interest in Riyadh Food Industries Co. (Riyadh Foods),sent
2026-07-18,Saudi Ceramics Company,info@saudiceramics.com,hiring_manager,CV-08-Generic-Senior-Marketing.pdf,Senior Digital Marketing Manager — interest in Saudi Ceramics Company,sent
2026-07-18,Al Faisaliah Group (AFG),afg@afg.com.sa,hiring_manager,CV-08-Generic-Senior-Marketing.pdf,Senior Digital Marketing Manager — interest in Al Faisaliah Group (AFG),sent
2026-07-18,Saudi Modern Company,info@saudimodern.com,hiring_manager,CV-08-Generic-Senior-Marketing.pdf,Senior Digital Marketing Manager — interest in Saudi Modern Company,sent
2026-07-18,Kingdom Holding Company,careers@kingdom.com.sa,hr_director,CV-08-Generic-Senior-Marketing.pdf,Senior Digital Marketing Manager — interest in Kingdom Holding Company,sent
2026-07-18,AlJammaz Group,info@aljammaz.com,hiring_manager,CV-08-Generic-Senior-Marketing.pdf,Senior Digital Marketing Manager — interest in AlJammaz Group,sent
2026-07-18,Astra Industrial Group,riyadh@astra.com.sa,hiring_manager,CV-08-Generic-Senior-Marketing.pdf,Senior Digital Marketing Manager — interest in Astra Industrial Group,sent
2026-07-18,Al-Khaleej Training and Education,investor.relations@alkhaleej.com.sa,hiring_manager,CV-08-Generic-Senior-Marketing.pdf,Senior Digital Marketing Manager — interest in Al-Khaleej Training and Education,sent
2026-07-18,Caffeine Lab Coffee Roasters,careers@caffeinelab.me,hr_director,CV-08-Generic-Senior-Marketing.pdf,Senior Digital Marketing Manager — interest in Caffeine Lab Coffee Roasters,sent
2026-07-18,Hadya Group,info@hadya.com,hiring_manager,CV-03-Hospitality.pdf,Senior Digital Marketing Manager — interest in Hadya Group,sent
2026-07-18,Savola Group (Savola World),info@savolaworld.com,hiring_manager,CV-08-Generic-Senior-Marketing.pdf,Senior Digital Marketing Manager — interest in Savola Group (Savola World),sent
2026-07-19,International Medical Center (IMC),IMCinfo@imc.med.sa,hiring_manager,CV-08-Generic-Senior-Marketing.pdf,Senior Digital Marketing Manager — interest in International Medical Center (IMC),sent
2026-07-19,Zahid Group,info@zahid.com,hiring_manager,CV-08-Generic-Senior-Marketing.pdf,Senior Digital Marketing Manager — interest in Zahid Group,sent
2026-07-19,Attieh Steel (Attieh Group),info@attiehgroup.com,hiring_manager,CV-08-Generic-Senior-Marketing.pdf,Senior Digital Marketing Manager — interest in Attieh Steel (Attieh Group),sent
2026-07-19,Badr Bugshan Group,info@badrbugshan.com,hiring_manager,CV-08-Generic-Senior-Marketing.pdf,Senior Digital Marketing Manager — interest in Badr Bugshan Group,sent
2026-07-19,JESCO (Jubail Energy Services Company),recruitment@jesco.com.sa,hr_director,CV-08-Generic-Senior-Marketing.pdf,Senior Digital Marketing Manager — interest in JESCO (Jubail Energy Services Company),sent
2026-07-19,Petrochem (Petrochemical Conversion Company),jobs@petrocheme.com,hiring_manager,CV-08-Generic-Senior-Marketing.pdf,Senior Digital Marketing Manager — interest in Petrochem (Petrochemical Conversion Company),sent
2026-07-19,Al-Hoty Company (AHC),admin@al-hoty.com,hiring_manager,CV-08-Generic-Senior-Marketing.pdf,Senior Digital Marketing Manager — interest in Al-Hoty Company (AHC),sent
2026-07-19,BoldTarget General Contracting,info@boldtarget.sa,hiring_manager,CV-08-Generic-Senior-Marketing.pdf,Senior Digital Marketing Manager — interest in BoldTarget General Contracting,sent
2026-07-19,Zamil Inspection & Technical Services,recruitments@zamil.sa,hr_director,CV-08-Generic-Senior-Marketing.pdf,Senior Digital Marketing Manager — interest in Zamil Inspection & Technical Services,sent
2026-07-19,Transgulf Readymix Concrete,recruitment@tgrmcc.com,hr_director,CV-08-Generic-Senior-Marketing.pdf,Senior Digital Marketing Manager — interest in Transgulf Readymix Concrete,sent
2026-07-19,Harbico,career@harbico.com,hr_director,CV-08-Generic-Senior-Marketing.pdf,Senior Digital Marketing Manager — interest in Harbico,sent
2026-07-19,Takara Saudi,hrd@takarasaudi.com,hr_director,CV-08-Generic-Senior-Marketing.pdf,Senior Digital Marketing Manager — interest in Takara Saudi,sent
2026-07-19,Zamil O&M,jobs@zamil-om.com,hiring_manager,CV-08-Generic-Senior-Marketing.pdf,Senior Digital Marketing Manager — interest in Zamil O&M,sent
2026-07-19,Khobar Contractors Company (KCC),info@khobarcontractors.com,hiring_manager,CV-08-Generic-Senior-Marketing.pdf,Senior Digital Marketing Manager — interest in Khobar Contractors Company (KCC),sent
2026-07-19,Al Tazaj Fakieh BBQ Chicken,careers@taza.com.sa,hr_director,CV-08-Generic-Senior-Marketing.pdf,Senior Digital Marketing Manager — interest in Al Tazaj Fakieh BBQ Chicken,sent
2026-07-19,Daily Food Company (Maestro Pizza),careers@dailyfoodsa.com,hr_director,CV-08-Generic-Senior-Marketing.pdf,Senior Digital Marketing Manager — interest in Daily Food Company (Maestro Pizza),sent
2026-08-02,GroupM Riyadh,careers@groupm.com,hr_director,CV-08-Generic-Senior-Marketing.pdf,Senior Digital Marketing Manager — interest in GroupM Riyadh,sent
2026-08-02,VML MENA,careers@vml.com,hr_director,CV-08-Generic-Senior-Marketing.pdf,Senior Digital Marketing Manager — interest in VML MENA,sent
2026-08-02,Almarai,hr@almarai.com,hr_director,CV-08-Generic-Senior-Marketing.pdf,Senior Digital Marketing Manager — interest in Almarai,sent
2026-08-02,Digital of Things,contact@digitalofthings.com,hiring_manager,CV-08-Generic-Senior-Marketing.pdf,Senior Digital Marketing Manager — interest in Digital of Things,sent
2026-08-02,Verge Film Productions,careers@verge.productions,hr_director,CV-08-Generic-Senior-Marketing.pdf,Senior Digital Marketing Manager — interest in Verge Film Productions,sent
2026-08-02,Gloria Hotels & Resorts,gloria.management@gloria-hotels.com,hiring_manager,CV-03-Hospitality.pdf,Senior Digital Marketing Manager — interest in Gloria Hotels & Resorts,sent
2026-08-02,Park Regis Kris Kin Hotel Dubai,prkkcareers@parkregishotels.com,hr_director,CV-03-Hospitality.pdf,Senior Digital Marketing Manager — interest in Park Regis Kris Kin Hotel Dubai,sent
2026-08-02,Nehal Hotel,careers@nehalhotel.com,hr_director,CV-03-Hospitality.pdf,Senior Digital Marketing Manager — interest in Nehal Hotel,sent
2026-08-02,Orient Planet Group,hr@orientplanet.com,hr_director,CV-08-Generic-Senior-Marketing.pdf,Senior Digital Marketing Manager — interest in Orient Planet Group,sent
2026-08-02,Element 8,careers@element8.ae,hr_director,CV-08-Generic-Senior-Marketing.pdf,Senior Digital Marketing Manager — interest in Element 8,sent
2026-08-02,Centric DXB,careers@centricdxb.com,hr_director,CV-08-Generic-Senior-Marketing.pdf,Senior Digital Marketing Manager — interest in Centric DXB,sent
2026-08-02,Global Media Insight,liz@globalmedia.ae,hiring_manager,CV-08-Generic-Senior-Marketing.pdf,Senior Digital Marketing Manager — interest in Global Media Insight,sent
2026-08-02,GTECH (gtechme.com),gtech@jobs.workablemail.com,hiring_manager,CV-08-Generic-Senior-Marketing.pdf,Senior Digital Marketing Manager — interest in GTECH (gtechme.com),sent
2026-08-02,DRE Real Estate (drehomes.com),newcareer@drehomes.com,hr_director,CV-08-Generic-Senior-Marketing.pdf,Senior Digital Marketing Manager — interest in DRE Real Estate (drehomes.com),sent
2026-08-02,Betterhomes,oliver.wilson@bhomes.com,hiring_manager,CV-08-Generic-Senior-Marketing.pdf,Senior Digital Marketing Manager — interest in Betterhomes,sent
2026-08-02,Al Maya Group,hr@almaya.ae,hr_director,CV-08-Generic-Senior-Marketing.pdf,Senior Digital Marketing Manager — interest in Al Maya Group,sent
2026-08-02,Hunter Foods,careers@hunterfoods.com,hr_director,CV-08-Generic-Senior-Marketing.pdf,Senior Digital Marketing Manager — interest in Hunter Foods,sent
2026-08-03,Marina Mall Abu Dhabi,Mycareer@marinamall.ae,hr_director,CV-08-Generic-Senior-Marketing.pdf,Senior Digital Marketing Manager — interest in Marina Mall Abu Dhabi,sent
2026-08-03,Line Investments & Property (Lulu Group - Madinat Zayed Mall),hr@lineinvestments.ae,hr_director,CV-08-Generic-Senior-Marketing.pdf,Senior Digital Marketing Manager — interest in Line Investments & Property (Lulu Group - Madinat Zayed Mall),sent
2026-08-03,Ezdan Hotels & Suites,careers@ezdanhotels.qa,hr_director,CV-03-Hospitality.pdf,Senior Digital Marketing Manager — interest in Ezdan Hotels & Suites,sent
2026-08-03,Ramada Encore by Wyndham Doha,hrm@ramadaencoredoha.com,hr_director,CV-03-Hospitality.pdf,Senior Digital Marketing Manager — interest in Ramada Encore by Wyndham Doha,sent
2026-08-03,Banyan Tree Doha at La Cigale Mushaireb,recruitment.doha@banyantree.com,hr_director,CV-03-Hospitality.pdf,Senior Digital Marketing Manager — interest in Banyan Tree Doha at La Cigale Mushaireb,sent
2026-08-03,Katara Hospitality,info@katarahospitality.com,hiring_manager,CV-03-Hospitality.pdf,Senior Digital Marketing Manager — interest in Katara Hospitality,sent
2026-08-03,Aura Group (F&B and Entertainment),careers@auragroup-intl.com,hr_director,CV-03-Hospitality.pdf,Senior Digital Marketing Manager — interest in Aura Group (F&B and Entertainment),sent
2026-08-03,Al Mana Media (Publicis Groupe affiliate),careers@almanamedia.com,hr_director,CV-08-Generic-Senior-Marketing.pdf,Senior Digital Marketing Manager — interest in Al Mana Media (Publicis Groupe affiliate),sent
2026-08-03,iHorizons,hr@ihorizons.com,hr_director,CV-08-Generic-Senior-Marketing.pdf,Senior Digital Marketing Manager — interest in iHorizons,sent
2026-08-03,"Abu Issa Holding (Blue Salon, luxury retail)",jobs@abuissa.com,hiring_manager,CV-08-Generic-Senior-Marketing.pdf,"Senior Digital Marketing Manager — interest in Abu Issa Holding (Blue Salon, luxury retail)",sent
2026-08-03,Al Meera Consumer Goods,recruitment@almeera.com.qa,hr_director,CV-08-Generic-Senior-Marketing.pdf,Senior Digital Marketing Manager — interest in Al Meera Consumer Goods,sent
2026-08-03,Printemps Doha (Doha Oasis),Talents@printempsdoha.com,hr_director,CV-08-Generic-Senior-Marketing.pdf,Senior Digital Marketing Manager — interest in Printemps Doha (Doha Oasis),sent
2026-08-03,Regency Group Holding (Al Asmakh Group),hrd@regencygroupq.com,hr_director,CV-08-Generic-Senior-Marketing.pdf,Senior Digital Marketing Manager — interest in Regency Group Holding (Al Asmakh Group),sent
2026-08-03,Alfardan Properties (Alfardan Group),afp_recruitment@alfardan.com.qa,hr_director,CV-08-Generic-Senior-Marketing.pdf,Senior Digital Marketing Manager — interest in Alfardan Properties (Alfardan Group),sent
2026-08-03,25 Spaces Real Estate,careers@25spaces.com,hr_director,CV-08-Generic-Senior-Marketing.pdf,Senior Digital Marketing Manager — interest in 25 Spaces Real Estate,sent
2026-08-03,Doha Quest (Doha Oasis theme park),careers@dohaquest.com,hr_director,CV-08-Generic-Senior-Marketing.pdf,Senior Digital Marketing Manager — interest in Doha Quest (Doha Oasis theme park),sent
2026-08-03,Lusail Circuit Sports Club (Lusail International Circuit),info@lcsc.qa,hiring_manager,CV-08-Generic-Senior-Marketing.pdf,Senior Digital Marketing Manager — interest in Lusail Circuit Sports Club (Lusail International Circuit),sent
2026-08-04,Apex Events,events@apexqatar.com,hiring_manager,CV-08-Generic-Senior-Marketing.pdf,Senior Digital Marketing Manager — interest in Apex Events,sent
2026-08-04,Safir Hotels & Resorts,jobs@safirhotels.com,hiring_manager,CV-03-Hospitality.pdf,Senior Digital Marketing Manager — interest in Safir Hotels & Resorts,sent
2026-08-04,Kout Food Group,info@koutfood.com,hiring_manager,CV-08-Generic-Senior-Marketing.pdf,Senior Digital Marketing Manager — interest in Kout Food Group,sent
2026-08-04,Alyasra Fashion,careers@alyasra.com,hr_director,CV-08-Generic-Senior-Marketing.pdf,Senior Digital Marketing Manager — interest in Alyasra Fashion,sent
2026-08-04,Boushahri Group,info@boushahrigroup.com,hiring_manager,CV-08-Generic-Senior-Marketing.pdf,Senior Digital Marketing Manager — interest in Boushahri Group,sent
2026-08-04,Gulf Hotels Group,recruitment@gulfhotelsgroup.com,hr_director,CV-03-Hospitality.pdf,Senior Digital Marketing Manager — interest in Gulf Hotels Group,sent
2026-08-04,The K Hotel,hiring@thekhotel.com,hiring_manager,CV-03-Hospitality.pdf,Senior Digital Marketing Manager — interest in The K Hotel,sent
2026-08-04,Bahrain Duty Free,careers@bdutyfree.com,hr_director,CV-03-Hospitality.pdf,Senior Digital Marketing Manager — interest in Bahrain Duty Free,sent
2026-08-04,Hasan Mansouri Group,office@hasanmansouri.com,hiring_manager,CV-08-Generic-Senior-Marketing.pdf,Senior Digital Marketing Manager — interest in Hasan Mansouri Group,sent
2026-08-04,Fakhro Group,info@fakhro.com,hiring_manager,CV-08-Generic-Senior-Marketing.pdf,Senior Digital Marketing Manager — interest in Fakhro Group,sent
2026-08-04,Mohammed Jalal & Sons Group,info@jalal.com,hiring_manager,CV-08-Generic-Senior-Marketing.pdf,Senior Digital Marketing Manager — interest in Mohammed Jalal & Sons Group,sent
2026-08-04,Unisono,info@unisonoagency.com,hiring_manager,CV-08-Generic-Senior-Marketing.pdf,Senior Digital Marketing Manager — interest in Unisono,sent
2026-08-04,Saud Bahwan Group,sbghrd@sbgoman.com,hr_director,CV-03-Hospitality.pdf,Senior Digital Marketing Manager — interest in Saud Bahwan Group,sent
2026-08-04,Khimji Ramdas Group,hrd@kr.om,hr_director,CV-08-Generic-Senior-Marketing.pdf,Senior Digital Marketing Manager — interest in Khimji Ramdas Group,sent
2026-08-04,W.J. Towell & Co.,info@wjtowell.com,hiring_manager,CV-08-Generic-Senior-Marketing.pdf,Senior Digital Marketing Manager — interest in W.J. Towell & Co.,sent
2026-08-04,Muriya Tourism Development (Orascom),career@muriya.om,hr_director,CV-03-Hospitality.pdf,Senior Digital Marketing Manager — interest in Muriya Tourism Development (Orascom),sent
2026-08-04,City Seasons Hotel Muscat,info@cityseasonshotels.com,hiring_manager,CV-03-Hospitality.pdf,Senior Digital Marketing Manager — interest in City Seasons Hotel Muscat,sent
2026-08-05,GCC Marketing,careers@gcc-marketing.com,hr_director,CV-08-Generic-Senior-Marketing.pdf,Senior Digital Marketing Manager — interest in GCC Marketing,sent
2026-08-05,GPS Marketing Agency,Hr@gpsmarketing.agency,hr_director,CV-08-Generic-Senior-Marketing.pdf,Senior Digital Marketing Manager — interest in GPS Marketing Agency,sent
2026-08-05,Cristal Group (Cristal Hospitality),hra.chad@cristalhospitality.com,hr_director,CV-03-Hospitality.pdf,Senior Digital Marketing Manager — interest in Cristal Group (Cristal Hospitality),sent
2026-08-05,Verve Management,info@verve-management.com,hiring_manager,CV-08-Generic-Senior-Marketing.pdf,Senior Digital Marketing Manager — interest in Verve Management,sent
2026-08-05,BinHendi Enterprises,bhcareers@binhendi.com,hr_director,CV-08-Generic-Senior-Marketing.pdf,Senior Digital Marketing Manager — interest in BinHendi Enterprises,sent
2026-08-05,Jones the Grocer UAE,recruitment-uae@jonesthegrocer.com,hr_director,CV-03-Hospitality.pdf,Senior Digital Marketing Manager — interest in Jones the Grocer UAE,sent
2026-08-05,The Noodle House,info@thenoodlehouse.com,hiring_manager,CV-03-Hospitality.pdf,Senior Digital Marketing Manager — interest in The Noodle House,sent
2026-08-05,Paramount Hotel Dubai,careers@paramounthotelsdubai.com,hr_director,CV-03-Hospitality.pdf,Senior Digital Marketing Manager — interest in Paramount Hotel Dubai,sent
2026-08-05,Dubai International Hotel,careers@dihdxb.ae,hr_director,CV-03-Hospitality.pdf,Senior Digital Marketing Manager — interest in Dubai International Hotel,sent
2026-08-05,Max Events Dubai,recruitment.maxeventsdubai@gmail.com,hr_director,CV-08-Generic-Senior-Marketing.pdf,Senior Digital Marketing Manager — interest in Max Events Dubai,sent
2026-08-05,UV Events DXB,queries@uveventsdxb.com,hiring_manager,CV-08-Generic-Senior-Marketing.pdf,Senior Digital Marketing Manager — interest in UV Events DXB,sent
2026-08-05,Prism Digital (Prism-ME),sales@prism-me.com,hiring_manager,CV-08-Generic-Senior-Marketing.pdf,Senior Digital Marketing Manager — interest in Prism Digital (Prism-ME),sent
2026-08-05,Digital Links Pro,hello@digitallinkspro.com,hiring_manager,CV-08-Generic-Senior-Marketing.pdf,Senior Digital Marketing Manager — interest in Digital Links Pro,sent
2026-08-05,Moonbox,careers@moonbox.ae,hr_director,CV-08-Generic-Senior-Marketing.pdf,Senior Digital Marketing Manager — interest in Moonbox,sent
2026-08-05,WGG Advertising Agency,hr@wgg-agency.com,hr_director,CV-08-Generic-Senior-Marketing.pdf,Senior Digital Marketing Manager — interest in WGG Advertising Agency,sent
2026-08-05,Luxfolio Real Estate,info@luxfoliorealestate.ae,hiring_manager,CV-08-Generic-Senior-Marketing.pdf,Senior Digital Marketing Manager — interest in Luxfolio Real Estate,sent
2026-08-05,"Cravia (Zaatar w Zeit, Cinnabon, Seattle's Best Coffee, Carvel)",careers@cravia.com,hr_director,CV-08-Generic-Senior-Marketing.pdf,"Senior Digital Marketing Manager — interest in Cravia (Zaatar w Zeit, Cinnabon, Seattle's Best Coffee, Carvel)",sent
2026-08-06,Rivoli Group,hr@rivoligroup.com,hr_director,CV-08-Generic-Senior-Marketing.pdf,Senior Digital Marketing Manager — interest in Rivoli Group,sent
2026-08-06,Sunset Hospitality Group,info@sunsethospitality.com,hiring_manager,CV-03-Hospitality.pdf,Senior Digital Marketing Manager — interest in Sunset Hospitality Group,sent
2026-08-06,Al Islami Foods,careers@alislamifoods.com,hr_director,CV-08-Generic-Senior-Marketing.pdf,Senior Digital Marketing Manager — interest in Al Islami Foods,sent
2026-08-06,Champs Sports Club,recruitment@champs-sportsclub.com,hr_director,CV-08-Generic-Senior-Marketing.pdf,Senior Digital Marketing Manager — interest in Champs Sports Club,sent
2026-08-06,HMH - Hospitality Management Holdings,careers@hmhhospitality.com,hr_director,CV-03-Hospitality.pdf,Senior Digital Marketing Manager — interest in HMH - Hospitality Management Holdings,sent
2026-08-06,United Development Company (UDC / The Pearl-Qatar),marketing@udcqatar.com,hiring_manager,CV-08-Generic-Senior-Marketing.pdf,Senior Digital Marketing Manager — interest in United Development Company (UDC / The Pearl-Qatar),sent
2026-08-06,Aamal Company,careers@aamal.com.qa,hr_director,CV-08-Generic-Senior-Marketing.pdf,Senior Digital Marketing Manager — interest in Aamal Company,sent
2026-08-06,The Pearl Gates,tpg-careers@gmail.com,hr_director,CV-08-Generic-Senior-Marketing.pdf,Senior Digital Marketing Manager — interest in The Pearl Gates,sent
2026-08-06,Salam International Investment,hr@salaminternational.com,hr_director,CV-08-Generic-Senior-Marketing.pdf,Senior Digital Marketing Manager — interest in Salam International Investment,sent
2026-08-06,Kuwait Hotels Company,info@khc.com.kw,hiring_manager,CV-03-Hospitality.pdf,Senior Digital Marketing Manager — interest in Kuwait Hotels Company,sent
2026-08-06,One PM Holding (Pret A Manger Kuwait),careers@onepmholding.com,hr_director,CV-08-Generic-Senior-Marketing.pdf,Senior Digital Marketing Manager — interest in One PM Holding (Pret A Manger Kuwait),sent
2026-08-06,Fine Foods Catering,info@ffcatering.com,hiring_manager,CV-08-Generic-Senior-Marketing.pdf,Senior Digital Marketing Manager — interest in Fine Foods Catering,sent
2026-08-06,Deepmark,hello@thedeepmark.com,hiring_manager,CV-08-Generic-Senior-Marketing.pdf,Senior Digital Marketing Manager — interest in Deepmark,sent
2026-08-06,Almoayyed Creative Agency,info@almoayyedca.com,hiring_manager,CV-08-Generic-Senior-Marketing.pdf,Senior Digital Marketing Manager — interest in Almoayyed Creative Agency,sent
2026-08-06,Oman Advertising Agency (OmanAd),info@omanad.net,hiring_manager,CV-08-Generic-Senior-Marketing.pdf,Senior Digital Marketing Manager — interest in Oman Advertising Agency (OmanAd),sent
2026-08-06,Trifoil Advertising & Publishing,info@trifoilad.com,hiring_manager,CV-08-Generic-Senior-Marketing.pdf,Senior Digital Marketing Manager — interest in Trifoil Advertising & Publishing,sent
2026-08-06,BrandOne,mail@brandone-oman.com,hiring_manager,CV-08-Generic-Senior-Marketing.pdf,Senior Digital Marketing Manager — interest in BrandOne,sent
2026-08-07,Poixel,info@poixel.com,hiring_manager,CV-08-Generic-Senior-Marketing.pdf,Senior Digital Marketing Manager — interest in Poixel,sent
2026-08-07,Ghaliah,info@ghaliah.com,hiring_manager,CV-08-Generic-Senior-Marketing.pdf,Senior Digital Marketing Manager — interest in Ghaliah,sent
2026-08-07,Smart Target,hello@smarttargetkwt.com,hiring_manager,CV-08-Generic-Senior-Marketing.pdf,Senior Digital Marketing Manager — interest in Smart Target,sent
2026-08-07,Bowaba,hello@bowaba.com,hiring_manager,CV-08-Generic-Senior-Marketing.pdf,Senior Digital Marketing Manager — interest in Bowaba,sent
2026-08-07,Shawarmer,info@shawarmer.com,hiring_manager,CV-08-Generic-Senior-Marketing.pdf,Senior Digital Marketing Manager — interest in Shawarmer,sent
2026-08-07,Almatar,careers@almatar.com,hr_director,CV-03-Hospitality.pdf,Senior Digital Marketing Manager — interest in Almatar,sent
2026-08-07,NICE ONE (Nice One Beauty Digital Marketing Co.),cs@niceonesa.com,hiring_manager,CV-08-Generic-Senior-Marketing.pdf,Senior Digital Marketing Manager — interest in NICE ONE (Nice One Beauty Digital Marketing Co.),sent
2026-08-07,Tamimi Markets,hr@tamimimarkets.com,hr_director,CV-08-Generic-Senior-Marketing.pdf,Senior Digital Marketing Manager — interest in Tamimi Markets,sent
2026-08-07,eXtra (United Electronics Company),careers@extra.com,hr_director,CV-08-Generic-Senior-Marketing.pdf,Senior Digital Marketing Manager — interest in eXtra (United Electronics Company),sent
2026-08-07,Rayat Marketing,riyadh@rayatmarketing.com,hiring_manager,CV-08-Generic-Senior-Marketing.pdf,Senior Digital Marketing Manager — interest in Rayat Marketing,sent
2026-08-07,Boopin,info@boopin.com,hiring_manager,CV-08-Generic-Senior-Marketing.pdf,Senior Digital Marketing Manager — interest in Boopin,sent
2026-08-07,Create Media,fuz@createmedia.agency,hiring_manager,CV-08-Generic-Senior-Marketing.pdf,Senior Digital Marketing Manager — interest in Create Media,sent
2026-08-07,Taglime,hello@taglimeagency.com,hiring_manager,CV-08-Generic-Senior-Marketing.pdf,Senior Digital Marketing Manager — interest in Taglime,sent
2026-08-07,Noon Academy,careers@noonacademy.com,hr_director,CV-08-Generic-Senior-Marketing.pdf,Senior Digital Marketing Manager — interest in Noon Academy,sent
2026-08-07,Dallah Healthcare Company,careers@dallahhealth.com,hr_director,CV-08-Generic-Senior-Marketing.pdf,Senior Digital Marketing Manager — interest in Dallah Healthcare Company,sent
2026-08-07,International Schools Group (ISG),recruitment@isg.edu.sa,hr_director,CV-08-Generic-Senior-Marketing.pdf,Senior Digital Marketing Manager — interest in International Schools Group (ISG),sent
2026-08-07,Dallah Advertising,info@dallahadvertising.net,hiring_manager,CV-08-Generic-Senior-Marketing.pdf,Senior Digital Marketing Manager — interest in Dallah Advertising,sent
2026-08-08,Y.K. Almoayyed & Sons,jobs@almoayyed.com,hiring_manager,CV-08-Generic-Senior-Marketing-Gulf.pdf,Senior Digital Marketing Manager — interest in Y.K. Almoayyed & Sons,sent
2026-08-08,The Gulf Hotel Bahrain,info@gulfhotelbahrain.com,hiring_manager,CV-03-Hospitality-Gulf.pdf,Senior Digital Marketing Manager — interest in The Gulf Hotel Bahrain,sent
2026-08-08,Tarabut,info@tarabut.com,hiring_manager,CV-08-Generic-Senior-Marketing-Gulf.pdf,Senior Digital Marketing Manager — interest in Tarabut,sent
2026-08-08,Jawad Business Group,jawad@jawad.com,hiring_manager,CV-03-Hospitality-Gulf.pdf,Senior Digital Marketing Manager — interest in Jawad Business Group,sent
2026-08-08,Boutiqaat,careers@boutiqaat.com,hr_director,CV-08-Generic-Senior-Marketing-Gulf.pdf,Senior Digital Marketing Manager — interest in Boutiqaat,sent
2026-08-08,Alghanim Industries,careers@alghanim.com,hr_director,CV-08-Generic-Senior-Marketing-Gulf.pdf,Senior Digital Marketing Manager — interest in Alghanim Industries,sent
2026-08-08,Mezzan Holding,info@mezzan.com,hiring_manager,CV-08-Generic-Senior-Marketing-Gulf.pdf,Senior Digital Marketing Manager — interest in Mezzan Holding,sent
2026-08-08,OTE Group,careers@otegroup.com,hr_director,CV-08-Generic-Senior-Marketing-Gulf.pdf,Senior Digital Marketing Manager — interest in OTE Group,sent
2026-08-08,Sipchem,talentacquisition@sipchem.com,hr_director,CV-08-Generic-Senior-Marketing.pdf,Senior Digital Marketing Manager — interest in Sipchem,sent
2026-08-08,Saudi Arabian Amiantit Company,info@amiantit.com,hiring_manager,CV-08-Generic-Senior-Marketing.pdf,Senior Digital Marketing Manager — interest in Saudi Arabian Amiantit Company,sent
2026-08-08,Khusheim Holding,careers@khusheim.com,hr_director,CV-08-Generic-Senior-Marketing.pdf,Senior Digital Marketing Manager — interest in Khusheim Holding,sent
2026-08-08,Al Suwaidi Holding,sales@alsuwaidi.com.sa,hiring_manager,CV-08-Generic-Senior-Marketing.pdf,Senior Digital Marketing Manager — interest in Al Suwaidi Holding,sent
2026-08-08,Yanbu Cement Company,customercare@ycc.sa,hiring_manager,CV-08-Generic-Senior-Marketing.pdf,Senior Digital Marketing Manager — interest in Yanbu Cement Company,sent
2026-08-08,SENAAT,info@senaat.com,hiring_manager,CV-08-Generic-Senior-Marketing.pdf,Senior Digital Marketing Manager — interest in SENAAT,sent
2026-08-08,Saudi Global Ports,SGPC-ContactUs@globalpsa.com,hiring_manager,CV-08-Generic-Senior-Marketing.pdf,Senior Digital Marketing Manager — interest in Saudi Global Ports,sent
2026-08-08,Prince Mohammad Bin Fahd University,pr-mar-adv-dep@pmu.edu.sa,hiring_manager,CV-08-Generic-Senior-Marketing.pdf,Senior Digital Marketing Manager — interest in Prince Mohammad Bin Fahd University,sent
2026-08-08,King Fahd University of Petroleum and Minerals,hrconnect@kfupm.edu.sa,hr_director,CV-08-Generic-Senior-Marketing.pdf,Senior Digital Marketing Manager — interest in King Fahd University of Petroleum and Minerals,sent
2026-08-09,King Faisal University,info@kfu.edu.sa,hiring_manager,CV-08-Generic-Senior-Marketing.pdf,Senior Digital Marketing Manager — interest in King Faisal University,sent
2026-08-09,Nada Dairy,nada@nadadairy.com,hiring_manager,CV-08-Generic-Senior-Marketing.pdf,Senior Digital Marketing Manager — interest in Nada Dairy,sent
2026-08-09,United Group,contact@unitedgroup.com.sa,hiring_manager,CV-08-Generic-Senior-Marketing.pdf,Senior Digital Marketing Manager — interest in United Group,sent
2026-08-09,Al Hugayet Group,info@alhugayet.com,hiring_manager,CV-08-Generic-Senior-Marketing.pdf,Senior Digital Marketing Manager — interest in Al Hugayet Group,sent
2026-08-09,Alkifah Holding,info@alkifah.com,hiring_manager,CV-08-Generic-Senior-Marketing.pdf,Senior Digital Marketing Manager — interest in Alkifah Holding,sent
2026-08-09,Saudi Readymix,info@saudireadymix.com.sa,hiring_manager,CV-08-Generic-Senior-Marketing.pdf,Senior Digital Marketing Manager — interest in Saudi Readymix,sent
2026-08-09,Right Click,info@rightclick.sa,hiring_manager,CV-08-Generic-Senior-Marketing.pdf,Senior Digital Marketing Manager — interest in Right Click,sent
2026-08-09,Tihama Advertising and Public Relations,info@tihama.com,hiring_manager,CV-08-Generic-Senior-Marketing.pdf,Senior Digital Marketing Manager — interest in Tihama Advertising and Public Relations,sent
2026-08-09,Leads,info@leads.sa,hiring_manager,CV-08-Generic-Senior-Marketing.pdf,Senior Digital Marketing Manager — interest in Leads,sent
2026-08-09,Room 11,info@room11.sa,hiring_manager,CV-08-Generic-Senior-Marketing.pdf,Senior Digital Marketing Manager — interest in Room 11,sent
2026-08-09,Seven Dimensions,contact@7di.sa,hiring_manager,CV-08-Generic-Senior-Marketing.pdf,Senior Digital Marketing Manager — interest in Seven Dimensions,sent
2026-08-09,Jusoor,careers@jusoor.com.sa,hr_director,CV-08-Generic-Senior-Marketing.pdf,Senior Digital Marketing Manager — interest in Jusoor,sent
2026-08-09,Kaden Investment,info@kaden-sa.com,hiring_manager,CV-08-Generic-Senior-Marketing.pdf,Senior Digital Marketing Manager — interest in Kaden Investment,sent
2026-08-09,Midad Real Estate,info@midad.com.sa,hiring_manager,CV-08-Generic-Senior-Marketing.pdf,Senior Digital Marketing Manager — interest in Midad Real Estate,sent
2026-08-09,Ajwaad Group,info@ajwaadgroup.com,hiring_manager,CV-03-Hospitality.pdf,Senior Digital Marketing Manager — interest in Ajwaad Group,sent
2026-08-09,Saudi Premier Group,info@saudipremiergroup.com,hiring_manager,CV-03-Hospitality.pdf,Senior Digital Marketing Manager — interest in Saudi Premier Group,sent
2026-08-09,Umrah Travel Agency,info@umrahtravel.com,hiring_manager,CV-03-Hospitality.pdf,Senior Digital Marketing Manager — interest in Umrah Travel Agency,sent
2026-08-10,Saudi Event Services,info@saudieventservices.com,hiring_manager,CV-08-Generic-Senior-Marketing.pdf,Senior Digital Marketing Manager — interest in Saudi Event Services,sent
2026-08-10,Next Productions,info@nextproductions.sa,hiring_manager,CV-08-Generic-Senior-Marketing.pdf,Senior Digital Marketing Manager — interest in Next Productions,sent
2026-08-10,Idea Factory Films,info@ideafactory-films.com,hiring_manager,CV-08-Generic-Senior-Marketing.pdf,Senior Digital Marketing Manager — interest in Idea Factory Films,sent
2026-08-10,British International School Riyadh,baeadmissions@bisr.com.sa,hiring_manager,CV-08-Generic-Senior-Marketing.pdf,Senior Digital Marketing Manager — interest in British International School Riyadh,sent
2026-08-10,AlMeswak Medical Group,info@almeswak.com,hiring_manager,CV-08-Generic-Senior-Marketing.pdf,Senior Digital Marketing Manager — interest in AlMeswak Medical Group,sent
2026-08-10,The Clinics,hello@the-clinics.com,hiring_manager,CV-08-Generic-Senior-Marketing.pdf,Senior Digital Marketing Manager — interest in The Clinics,sent
2026-08-10,Al Jawdah Clinics,info@aljawdahclinic.com,hiring_manager,CV-08-Generic-Senior-Marketing.pdf,Senior Digital Marketing Manager — interest in Al Jawdah Clinics,sent
2026-08-10,TAM Dental,info@tamdental.sa,hiring_manager,CV-08-Generic-Senior-Marketing.pdf,Senior Digital Marketing Manager — interest in TAM Dental,sent
2026-08-10,Al Alam Medical Complex,info@alalammedical.sa,hiring_manager,CV-08-Generic-Senior-Marketing.pdf,Senior Digital Marketing Manager — interest in Al Alam Medical Complex,sent
2026-08-10,Al Madinah Medical Center,info@madinahclinic.com,hiring_manager,CV-08-Generic-Senior-Marketing.pdf,Senior Digital Marketing Manager — interest in Al Madinah Medical Center,sent
2026-08-10,Shifa Jeddah Polyclinic,contact@shifajeddahksa.com,hiring_manager,CV-08-Generic-Senior-Marketing.pdf,Senior Digital Marketing Manager — interest in Shifa Jeddah Polyclinic,sent
2026-08-10,Hosn Clinics,info@hosnclinics.sa,hiring_manager,CV-08-Generic-Senior-Marketing.pdf,Senior Digital Marketing Manager — interest in Hosn Clinics,sent
2026-08-10,Bateel International,talent.ksa@bateel.com,hr_director,CV-08-Generic-Senior-Marketing.pdf,Senior Digital Marketing Manager — interest in Bateel International,sent
2026-08-10,HB Brands,info@hbbrands.com,hiring_manager,CV-08-Generic-Senior-Marketing.pdf,Senior Digital Marketing Manager — interest in HB Brands,sent
2026-08-10,Saudi Coffee Company,info@saudicoffee.com,hiring_manager,CV-08-Generic-Senior-Marketing.pdf,Senior Digital Marketing Manager — interest in Saudi Coffee Company,sent
2026-08-10,FBH Group,info@fbh.sa,hiring_manager,CV-08-Generic-Senior-Marketing.pdf,Senior Digital Marketing Manager — interest in FBH Group,sent
2026-08-10,Overdose Coffee,hello@overdosecoffee.co,hiring_manager,CV-08-Generic-Senior-Marketing.pdf,Senior Digital Marketing Manager — interest in Overdose Coffee,sent
2026-08-11,Raydan Food Company,info@raydan.com.sa,hiring_manager,CV-08-Generic-Senior-Marketing.pdf,Senior Digital Marketing Manager — interest in Raydan Food Company,sent
2026-08-11,Namariq Arabian Services,Recruitment.Unit@namariq.com.sa,hr_director,CV-08-Generic-Senior-Marketing.pdf,Senior Digital Marketing Manager — interest in Namariq Arabian Services,sent
2026-08-11,Saudi Marketing Company Farm Superstores,info@farm.com.sa,hiring_manager,CV-08-Generic-Senior-Marketing.pdf,Senior Digital Marketing Manager — interest in Saudi Marketing Company Farm Superstores,sent
2026-08-11,SACO,crm@saco-ksa.com,hiring_manager,CV-08-Generic-Senior-Marketing.pdf,Senior Digital Marketing Manager — interest in SACO,sent
2026-08-11,Al Raya Markets,info@alraya.sa,hiring_manager,CV-08-Generic-Senior-Marketing.pdf,Senior Digital Marketing Manager — interest in Al Raya Markets,sent
2026-08-11,Al-Dawaa Pharmacies,info@al-dawaa.com.sa,hiring_manager,CV-08-Generic-Senior-Marketing.pdf,Senior Digital Marketing Manager — interest in Al-Dawaa Pharmacies,sent
2026-08-11,Almadina Pharmacy,info@almadina.com.sa,hiring_manager,CV-08-Generic-Senior-Marketing.pdf,Senior Digital Marketing Manager — interest in Almadina Pharmacy,sent
2026-08-11,Leejam Sports Company,info@leejam.com.sa,hiring_manager,CV-08-Generic-Senior-Marketing.pdf,Senior Digital Marketing Manager — interest in Leejam Sports Company,sent
2026-08-11,Armah Sports Company,info@armahsports.com,hiring_manager,CV-08-Generic-Senior-Marketing.pdf,Senior Digital Marketing Manager — interest in Armah Sports Company,sent
2026-08-11,KUN Sports,info@kunsports.com,hiring_manager,CV-08-Generic-Senior-Marketing.pdf,Senior Digital Marketing Manager — interest in KUN Sports,sent
2026-08-11,NuYu Fitness,community@nuyu-ksa.com,hiring_manager,CV-08-Generic-Senior-Marketing.pdf,Senior Digital Marketing Manager — interest in NuYu Fitness,sent
2026-08-13,Al Yamamah University,info@yu.edu.sa,hiring_manager,CV-08-Generic-Senior-Marketing.pdf,Senior Digital Marketing Manager — interest in Al Yamamah University,sent
2026-08-13,Dar Al Uloom University,info@dau.edu.sa,hiring_manager,CV-08-Generic-Senior-Marketing.pdf,Senior Digital Marketing Manager — interest in Dar Al Uloom University,sent
2026-08-13,Riyadh Elm University,info@riyadh.edu.sa,hiring_manager,CV-08-Generic-Senior-Marketing.pdf,Senior Digital Marketing Manager — interest in Riyadh Elm University,sent
2026-08-13,Kingdom Schools,jobs@kingdomschools.edu.sa,hiring_manager,CV-08-Generic-Senior-Marketing.pdf,Senior Digital Marketing Manager — interest in Kingdom Schools,sent
2026-08-13,Saud International School,enquiries@sis.edu.sa,hiring_manager,CV-08-Generic-Senior-Marketing.pdf,Senior Digital Marketing Manager — interest in Saud International School,sent
2026-08-13,Prince Mohammed Bin Salman College,info@mbsc.edu.sa,hiring_manager,CV-08-Generic-Senior-Marketing.pdf,Senior Digital Marketing Manager — interest in Prince Mohammed Bin Salman College,sent
2026-08-13,Alhussam Tourism,sales@alhussamtourism.com,hiring_manager,CV-03-Hospitality.pdf,Senior Digital Marketing Manager — interest in Alhussam Tourism,sent
2026-08-13,Red Sea Mall,info@redseamall.com,hiring_manager,CV-08-Generic-Senior-Marketing.pdf,Senior Digital Marketing Manager — interest in Red Sea Mall,sent
2026-08-13,Al Romansiah,info@alromansiah.com,hiring_manager,CV-08-Generic-Senior-Marketing.pdf,Senior Digital Marketing Manager — interest in Al Romansiah,sent
2026-08-13,Abeer Medical Group,info@alabeermedicalgroup.com,hiring_manager,CV-08-Generic-Senior-Marketing.pdf,Senior Digital Marketing Manager — interest in Abeer Medical Group,sent
2026-08-13,Fakeeh Care Group,gmo@fakeeh.care,hiring_manager,CV-08-Generic-Senior-Marketing.pdf,Senior Digital Marketing Manager — interest in Fakeeh Care Group,sent
2026-08-13,Kharsa Clinics,info@kharsaclinics.com,hiring_manager,CV-08-Generic-Senior-Marketing.pdf,Senior Digital Marketing Manager — interest in Kharsa Clinics,sent
2026-08-13,Horizon Dental Clinics,info@horizondent.com,hiring_manager,CV-08-Generic-Senior-Marketing.pdf,Senior Digital Marketing Manager — interest in Horizon Dental Clinics,sent
2026-08-13,Dora Clinics,admin@doraclinic.sa,hiring_manager,CV-08-Generic-Senior-Marketing.pdf,Senior Digital Marketing Manager — interest in Dora Clinics,sent
2026-08-13,You Beauty Salons,info@you-sa.net,hiring_manager,CV-08-Generic-Senior-Marketing.pdf,Senior Digital Marketing Manager — interest in You Beauty Salons,sent
2026-08-13,Aster Pharmacy Saudi,info@asterpharmacy.com,hiring_manager,CV-08-Generic-Senior-Marketing.pdf,Senior Digital Marketing Manager — interest in Aster Pharmacy Saudi,sent
2026-08-13,UFC Gym KSA,customerservice@ufcgymksa.com,hiring_manager,CV-08-Generic-Senior-Marketing.pdf,Senior Digital Marketing Manager — interest in UFC Gym KSA,sent
2026-08-14,Golds Gym Jeddah Probody,info@probody.sa,hiring_manager,CV-08-Generic-Senior-Marketing.pdf,Senior Digital Marketing Manager — interest in Golds Gym Jeddah Probody,sent
2026-08-14,Pawfect Veterinary Clinic,info@pawfectclinic.sa,hiring_manager,CV-08-Generic-Senior-Marketing.pdf,Senior Digital Marketing Manager — interest in Pawfect Veterinary Clinic,sent
2026-08-14,Karaman Veterinary Clinic,info@karamanvet.sa,hiring_manager,CV-08-Generic-Senior-Marketing.pdf,Senior Digital Marketing Manager — interest in Karaman Veterinary Clinic,sent
2026-08-14,North Paws Veterinary Clinic,info@northpaws-sa.com,hiring_manager,CV-08-Generic-Senior-Marketing.pdf,Senior Digital Marketing Manager — interest in North Paws Veterinary Clinic,sent
2026-08-14,Genevet,info@genevet.co,hiring_manager,CV-08-Generic-Senior-Marketing.pdf,Senior Digital Marketing Manager — interest in Genevet,sent
2026-08-14,Najran Cement Company,info@najrancement.com,hiring_manager,CV-08-Generic-Senior-Marketing.pdf,Senior Digital Marketing Manager — interest in Najran Cement Company,sent
2026-08-14,Hayat National Hospitals,info@hayathospitals.com,hiring_manager,CV-08-Generic-Senior-Marketing.pdf,Senior Digital Marketing Manager — interest in Hayat National Hospitals,sent
2026-08-14,Jazan Integrated Gasification and Power Company,info@jigpc.com,hiring_manager,CV-08-Generic-Senior-Marketing.pdf,Senior Digital Marketing Manager — interest in Jazan Integrated Gasification and Power Company,sent
2026-08-14,Tabuk Cement Company,jobs@tcc-sa.com,hiring_manager,CV-08-Generic-Senior-Marketing.pdf,Senior Digital Marketing Manager — interest in Tabuk Cement Company,sent
2026-08-14,Prince Fahd bin Sultan Hospital,info@pfbsh.com.sa,hiring_manager,CV-08-Generic-Senior-Marketing.pdf,Senior Digital Marketing Manager — interest in Prince Fahd bin Sultan Hospital,sent
2026-08-14,Al-Ahli General Medical Complex,info@alahlimed.com.sa,hiring_manager,CV-08-Generic-Senior-Marketing.pdf,Senior Digital Marketing Manager — interest in Al-Ahli General Medical Complex,sent
2026-08-14,Tabuk Agricultural Development Company,online@tadco-agri.com,hiring_manager,CV-08-Generic-Senior-Marketing.pdf,Senior Digital Marketing Manager — interest in Tabuk Agricultural Development Company,sent
2026-08-14,Qassim Cement Company,qcc@qcc.com.sa,hiring_manager,CV-08-Generic-Senior-Marketing.pdf,Senior Digital Marketing Manager — interest in Qassim Cement Company,sent
2026-08-14,Jazan Development and Investment Company,info@jazadco.com.sa,hiring_manager,CV-08-Generic-Senior-Marketing.pdf,Senior Digital Marketing Manager — interest in Jazan Development and Investment Company,sent
2026-08-14,Al Radi Rose,info@alradi-rose.com,hiring_manager,CV-08-Generic-Senior-Marketing.pdf,Senior Digital Marketing Manager — interest in Al Radi Rose,sent
2026-08-14,Iridium Hotel,info@iridium-hotel.com,hiring_manager,CV-03-Hospitality.pdf,Senior Digital Marketing Manager — interest in Iridium Hotel,sent
2026-08-15,Sulaiman Alrajhi University,recruitment@sr.edu.sa,hr_director,CV-08-Generic-Senior-Marketing.pdf,Senior Digital Marketing Manager — interest in Sulaiman Alrajhi University,sent
2026-08-15,Ramz Al-Qassim Real Estate,contact@ramzalqasim.com,hiring_manager,CV-08-Generic-Senior-Marketing.pdf,Senior Digital Marketing Manager — interest in Ramz Al-Qassim Real Estate,sent
2026-08-15,Al Ahsa Valley Investment Company,info@avic.com.sa,hiring_manager,CV-08-Generic-Senior-Marketing.pdf,Senior Digital Marketing Manager — interest in Al Ahsa Valley Investment Company,sent
2026-08-15,Al Ahsa Grand Hotel,info@alahsagrandhotel.com,hiring_manager,CV-03-Hospitality.pdf,Senior Digital Marketing Manager — interest in Al Ahsa Grand Hotel,sent
2026-08-15,Riyadh Cables Group,marketing@riyadh-cables.com,hiring_manager,CV-08-Generic-Senior-Marketing.pdf,Senior Digital Marketing Manager — interest in Riyadh Cables Group,sent
2026-08-15,Saudi Steel Pipe Company,info@sspipe.com,hiring_manager,CV-08-Generic-Senior-Marketing.pdf,Senior Digital Marketing Manager — interest in Saudi Steel Pipe Company,sent
2026-08-15,Rowad National Plastic,marketing@rowadplastic.com,hiring_manager,CV-08-Generic-Senior-Marketing.pdf,Senior Digital Marketing Manager — interest in Rowad National Plastic,sent
2026-08-15,Hala Supply Chain Services,info@halagroup.com,hiring_manager,CV-08-Generic-Senior-Marketing.pdf,Senior Digital Marketing Manager — interest in Hala Supply Chain Services,sent
2026-08-15,BAFCO International Shipping and Logistics,inquiry@bafcointl.com,hiring_manager,CV-08-Generic-Senior-Marketing.pdf,Senior Digital Marketing Manager — interest in BAFCO International Shipping and Logistics,sent
2026-08-15,AutoWorld,clientservice@autoworld.com.sa,hiring_manager,CV-08-Generic-Senior-Marketing.pdf,Senior Digital Marketing Manager — interest in AutoWorld,sent
2026-08-15,E.A. Juffali and Brothers,juffali@eajb.com.sa,hiring_manager,CV-08-Generic-Senior-Marketing.pdf,Senior Digital Marketing Manager — interest in E.A. Juffali and Brothers,sent
2026-08-15,Neoleap,info@neoleap.com.sa,hiring_manager,CV-08-Generic-Senior-Marketing.pdf,Senior Digital Marketing Manager — interest in Neoleap,sent
2026-08-15,Buruj Cooperative Insurance,info@buruj.com.sa,hiring_manager,CV-08-Generic-Senior-Marketing.pdf,Senior Digital Marketing Manager — interest in Buruj Cooperative Insurance,sent
2026-08-15,Goody by Basamh,goodyconnect@goody.com.sa,hiring_manager,CV-08-Generic-Senior-Marketing.pdf,Senior Digital Marketing Manager — interest in Goody by Basamh,sent
2026-08-15,Basamh Trading Company,info@basamh.com,hiring_manager,CV-08-Generic-Senior-Marketing.pdf,Senior Digital Marketing Manager — interest in Basamh Trading Company,sent
2026-08-15,Al Khodari and Sons Company,info@alkhodari.com.sa,hiring_manager,CV-08-Generic-Senior-Marketing.pdf,Senior Digital Marketing Manager — interest in Al Khodari and Sons Company,sent
2026-08-16,Mabanee,info@mabanee.com,hiring_manager,CV-08-Generic-Senior-Marketing-Gulf.pdf,Senior Digital Marketing Manager — interest in Mabanee,sent
2026-08-16,Ali Abdulwahab Al Mutawa Commercial Co,info@aaw.com,hiring_manager,CV-08-Generic-Senior-Marketing-Gulf.pdf,Senior Digital Marketing Manager — interest in Ali Abdulwahab Al Mutawa Commercial Co,sent
2026-08-16,Salhia Real Estate Company,info@salhia.com,hiring_manager,CV-08-Generic-Senior-Marketing-Gulf.pdf,Senior Digital Marketing Manager — interest in Salhia Real Estate Company,sent
2026-08-16,Kuwait Hospital,info@kuwaithospital.com.kw,hiring_manager,CV-08-Generic-Senior-Marketing-Gulf.pdf,Senior Digital Marketing Manager — interest in Kuwait Hospital,sent
2026-08-16,Barwa Real Estate Group,recruitment@barwa.com.qa,hr_director,CV-08-Generic-Senior-Marketing-Gulf.pdf,Senior Digital Marketing Manager — interest in Barwa Real Estate Group,sent
2026-08-16,Doha Bank,careers@dohabank.com.qa,hr_director,CV-08-Generic-Senior-Marketing-Gulf.pdf,Senior Digital Marketing Manager — interest in Doha Bank,sent
2026-08-16,Baladna,info@baladna.com,hiring_manager,CV-08-Generic-Senior-Marketing-Gulf.pdf,Senior Digital Marketing Manager — interest in Baladna,sent
2026-08-16,Al Emadi Hospital,hr.recruitment@alemadiholding.com.qa,hr_director,CV-08-Generic-Senior-Marketing-Gulf.pdf,Senior Digital Marketing Manager — interest in Al Emadi Hospital,sent
2026-08-16,Kuwait Danish Dairy Company,hr@kddc.com,hr_director,CV-08-Generic-Senior-Marketing-Gulf.pdf,Senior Digital Marketing Manager — interest in Kuwait Danish Dairy Company,sent
2026-08-16,Al Sayer Group,recruitment@alsayergroup.com,hr_director,CV-08-Generic-Senior-Marketing-Gulf.pdf,Senior Digital Marketing Manager — interest in Al Sayer Group,sent
2026-08-16,New Mowasat Hospital,recruitment@newmowasat.com,hr_director,CV-08-Generic-Senior-Marketing-Gulf.pdf,Senior Digital Marketing Manager — interest in New Mowasat Hospital,sent
2026-08-16,United Real Estate Company,info@urc.com.kw,hiring_manager,CV-08-Generic-Senior-Marketing-Gulf.pdf,Senior Digital Marketing Manager — interest in United Real Estate Company,sent
2026-08-16,International Hospital Kuwait,careers@internationalhospital-kw.com,hr_director,CV-08-Generic-Senior-Marketing-Gulf.pdf,Senior Digital Marketing Manager — interest in International Hospital Kuwait,sent
2026-08-16,Seef Properties,info@seef.com.bh,hiring_manager,CV-08-Generic-Senior-Marketing-Gulf.pdf,Senior Digital Marketing Manager — interest in Seef Properties,sent
2026-08-16,Al Salam Bank,connect@alsalambank.com,hiring_manager,CV-08-Generic-Senior-Marketing-Gulf.pdf,Senior Digital Marketing Manager — interest in Al Salam Bank,sent
2026-08-16,Al Kindi Hospital,careers@alkindihospital.com,hr_director,CV-08-Generic-Senior-Marketing-Gulf.pdf,Senior Digital Marketing Manager — interest in Al Kindi Hospital,sent
2026-08-16,The Domain Hotel and Spa,connect@thedomainhotels.com,hiring_manager,CV-03-Hospitality-Gulf.pdf,Senior Digital Marketing Manager — interest in The Domain Hotel and Spa,sent
2026-08-17,Ramli Mall,info@ramlimall.com,hiring_manager,CV-08-Generic-Senior-Marketing-Gulf.pdf,Senior Digital Marketing Manager — interest in Ramli Mall,sent
2026-08-17,Ramee Group of Hotels,recruitments@rameehotels.com,hr_director,CV-03-Hospitality-Gulf.pdf,Senior Digital Marketing Manager — interest in Ramee Group of Hotels,sent
2026-08-17,The First Group Hospitality,Info@tfghospitality.com,hiring_manager,CV-03-Hospitality-Gulf.pdf,Senior Digital Marketing Manager — interest in The First Group Hospitality,sent
2026-08-17,Al Khoory Hotels,info@alkhooryhotels.com,hiring_manager,CV-03-Hospitality-Gulf.pdf,Senior Digital Marketing Manager — interest in Al Khoory Hotels,sent
2026-08-17,Lals Group,Info@lalsgroup.com,hiring_manager,CV-08-Generic-Senior-Marketing-Gulf.pdf,Senior Digital Marketing Manager — interest in Lals Group,sent
2026-08-17,Sharaf Group,info@sharaf.ae,hiring_manager,CV-08-Generic-Senior-Marketing-Gulf.pdf,Senior Digital Marketing Manager — interest in Sharaf Group,sent
2026-08-17,MERED,career@mered.ae,hr_director,CV-08-Generic-Senior-Marketing-Gulf.pdf,Senior Digital Marketing Manager — interest in MERED,sent
2026-08-17,Emirates Hospitals Group,recruitment@emirateshospital.ae,hr_director,CV-08-Generic-Senior-Marketing-Gulf.pdf,Senior Digital Marketing Manager — interest in Emirates Hospitals Group,sent
2026-08-17,Emirates European Hospital,hr@eehospital.com,hr_director,CV-08-Generic-Senior-Marketing-Gulf.pdf,Senior Digital Marketing Manager — interest in Emirates European Hospital,sent
2026-08-17,Amity School Dubai,careers@amitydubai.ae,hr_director,CV-08-Generic-Senior-Marketing-Gulf.pdf,Senior Digital Marketing Manager — interest in Amity School Dubai,sent
2026-08-17,Petra,hr@petracosmetics.co.uk,hr_director,CV-08-Generic-Senior-Marketing-Gulf.pdf,Senior Digital Marketing Manager — interest in Petra,sent
2026-08-17,Belad Bont Resort,info@beladbont.com,hiring_manager,CV-03-Hospitality-Gulf.pdf,Senior Digital Marketing Manager — interest in Belad Bont Resort,sent
2026-08-17,Oman Reinsurance Company,recruitment@omanre.com.om,hr_director,CV-08-Generic-Senior-Marketing-Gulf.pdf,Senior Digital Marketing Manager — interest in Oman Reinsurance Company,sent
2026-08-17,Muscat Multimedia,info@muscatmultimedia.com,hiring_manager,CV-08-Generic-Senior-Marketing-Gulf.pdf,Senior Digital Marketing Manager — interest in Muscat Multimedia,sent
2026-08-17,Burjeel Medical Centre Oman,careers.bmc@bmcoman.com,hr_director,CV-08-Generic-Senior-Marketing-Gulf.pdf,Senior Digital Marketing Manager — interest in Burjeel Medical Centre Oman,sent
2026-08-17,American Mission Hospital,hr@amh.org.bh,hr_director,CV-08-Generic-Senior-Marketing-Gulf.pdf,Senior Digital Marketing Manager — interest in American Mission Hospital,sent
2026-08-17,Bahrain Specialist Hospital,bshinfo@bsh.com.bh,hiring_manager,CV-08-Generic-Senior-Marketing-Gulf.pdf,Senior Digital Marketing Manager — interest in Bahrain Specialist Hospital,sent
2026-08-17,Kuwait Hospital,Recruitment@kuwaithospital.com.kw,hr_recruitment_redirect,CV-08-Generic-Senior-Marketing-Gulf.pdf,"Senior Digital Marketing Manager — application, referred by your Patient Experience team",sent
2026-08-18,Gulf University,hrd@gulfuniversity.edu.bh,hr_director,CV-08-Generic-Senior-Marketing-Gulf.pdf,Senior Digital Marketing Manager — interest in Gulf University,sent
2026-08-18,University College of Bahrain,recruit@ucb.edu.bh,hr_director,CV-08-Generic-Senior-Marketing-Gulf.pdf,Senior Digital Marketing Manager — interest in University College of Bahrain,sent
2026-08-18,Kingdom University,info@ku.edu.bh,hiring_manager,CV-08-Generic-Senior-Marketing-Gulf.pdf,Senior Digital Marketing Manager — interest in Kingdom University,sent
2026-08-18,Dadabhai Group,info@dadabhaigroup.com,hiring_manager,CV-08-Generic-Senior-Marketing-Gulf.pdf,Senior Digital Marketing Manager — interest in Dadabhai Group,sent
2026-08-18,Amlak Bahrain,info@amlak.bh,hiring_manager,CV-08-Generic-Senior-Marketing-Gulf.pdf,Senior Digital Marketing Manager — interest in Amlak Bahrain,sent
2026-08-18,Aman Hospital,careers@amanhospital.org,hr_director,CV-08-Generic-Senior-Marketing-Gulf.pdf,Senior Digital Marketing Manager — interest in Aman Hospital,sent
2026-08-18,Al Ahli Hospital,info@ahlihospital.com,hiring_manager,CV-08-Generic-Senior-Marketing-Gulf.pdf,Senior Digital Marketing Manager — interest in Al Ahli Hospital,sent
2026-08-18,Steps Real Estate,contact@steps.com.qa,hiring_manager,CV-08-Generic-Senior-Marketing-Gulf.pdf,Senior Digital Marketing Manager — interest in Steps Real Estate,sent
2026-08-18,ACS Doha International School,careers@acsdoha.school,hr_director,CV-08-Generic-Senior-Marketing-Gulf.pdf,Senior Digital Marketing Manager — interest in ACS Doha International School,sent
2026-08-18,Doha British School,recruitment@dohabritishschool.com,hr_director,CV-08-Generic-Senior-Marketing-Gulf.pdf,Senior Digital Marketing Manager — interest in Doha British School,sent
2026-08-18,Almana and Partners,recruitment@almanapartners.com,hr_director,CV-08-Generic-Senior-Marketing-Gulf.pdf,Senior Digital Marketing Manager — interest in Almana and Partners,sent
2026-08-18,Qatar Insurance Company,careers@qic.com.qa,hr_director,CV-08-Generic-Senior-Marketing-Gulf.pdf,Senior Digital Marketing Manager — interest in Qatar Insurance Company,sent
2026-08-18,Kuwait Resources House,careers@krhkw.com,hr_director,CV-08-Generic-Senior-Marketing-Gulf.pdf,Senior Digital Marketing Manager — interest in Kuwait Resources House,sent
2026-08-18,Al Amal Hospital,hr@alamalhospital.me,hr_director,CV-08-Generic-Senior-Marketing-Gulf.pdf,Senior Digital Marketing Manager — interest in Al Amal Hospital,sent
2026-08-18,Bhavans Bahrain Indian School,hr@bhavansbahrain.com,hr_director,CV-08-Generic-Senior-Marketing-Gulf.pdf,Senior Digital Marketing Manager — interest in Bhavans Bahrain Indian School,sent
2026-08-18,Royal Bahrain Hospital,mail@royalbahrainhospital.com,hiring_manager,CV-08-Generic-Senior-Marketing-Gulf.pdf,Senior Digital Marketing Manager — interest in Royal Bahrain Hospital,sent
2026-08-18,Diyar Al Muharraq,customerservice@diyar.bh,hiring_manager,CV-08-Generic-Senior-Marketing-Gulf.pdf,Senior Digital Marketing Manager — interest in Diyar Al Muharraq,sent
